Regions;YYMM;YY;MM;Capa_Thermique;Capa_Solaire;Capa_Hydraulique;Capa_Nucleaire;Capa_Eolien;Capa_Renouvelable;Capa_Totale
AURA;1301;13;1;0;412.8064516;11660;13570;357;12429.80645;25999.80645
AURA;1302;13;2;0;417.9642857;11660;13570;357;12434.96429;26004.96429
AURA;1303;13;3;0;423.1935484;11660;13570;357;12440.19355;26010.19355
AURA;1304;13;4;0;428.5;11660;13570;357;12445.5;26015.5
AURA;1305;13;5;0;433.8064516;11660;13570;357;12450.80645;26020.80645
AURA;1306;13;6;0;439.2333333;11660;13570;357;12456.23333;26026.23333
AURA;1307;13;7;0;444.516129;11660;13570;357;12461.51613;26031.51613
AURA;1308;13;8;0;450;11660;13570;357;12467;26037
AURA;1309;13;9;0;455.3333333;11660;13570;357;12472.33333;26042.33333
AURA;1310;13;10;0;460.6451613;11660;13570;357;12477.64516;26047.64516
AURA;1311;13;11;0;466.0333333;11660;13570;357;12483.03333;26053.03333
AURA;1312;13;12;0;471.3548387;11660;13570;357;12488.35484;26058.35484
AURA;1401;14;1;0;478.7419355;11660;13570;357.8064516;12496.54839;26066.54839
AURA;1402;14;2;0;487.6071429;11660;13570;359.3928571;12507;26077
AURA;1403;14;3;0;496.4193548;11660;13570;360.8709677;12517.29032;26087.29032
AURA;1404;14;4;0;505.5;11660;13570;362.5;12528;26098
AURA;1405;14;5;0;514.6129032;11660;13570;364.0967742;12538.70968;26108.70968
AURA;1406;14;6;0;523.7;11660;13570;365.6;12549.3;26119.3
AURA;1407;14;7;0;532.8387097;11660;13570;367.3225806;12560.16129;26130.16129
AURA;1408;14;8;0;542.0967742;11660;13570;368.8387097;12570.93548;26140.93548
AURA;1409;14;9;0;551.2;11660;13570;370.4666667;12581.66667;26151.66667
AURA;1410;14;10;0;560.2903226;11660;13570;372.0645161;12592.35484;26162.35484
AURA;1411;14;11;0;569.4;11660;13570;373.6;12603;26173
AURA;1412;14;12;0;578.5483871;11660;13570;375.2580645;12613.80645;26183.80645
AURA;1501;15;1;0;585.8064516;11660;13570;377.0967742;12622.90323;26192.90323
AURA;1502;15;2;0;590.9642857;11660;13570;379.2142857;12630.17857;26200.17857
AURA;1503;15;3;0;596.1935484;11660;13570;381.2903226;12637.48387;26207.48387
AURA;1504;15;4;0;601.5;11660;13570;383.5;12645;26215
AURA;1505;15;5;0;606.8064516;11660;13570;385.7096774;12652.51613;26222.51613
AURA;1506;15;6;0;612.2333333;11660;13570;387.8666667;12660.1;26230.1
AURA;1507;15;7;0;617.516129;11660;13570;390.0322581;12667.54839;26237.54839
AURA;1508;15;8;0;623;11660;13570;392.2258065;12675.22581;26245.22581
AURA;1509;15;9;0;628.3333333;11660;13570;394.4;12682.73333;26252.73333
AURA;1510;15;10;0;633.6451613;11660;13570;396.6451613;12690.29032;26260.29032
AURA;1511;15;11;0;639.0333333;11660;13570;398.8;12697.83333;26267.83333
AURA;1512;15;12;0;644.3548387;11660;13570;400.9677419;12705.32258;26275.32258
AURA;1601;16;1;0;649.4516129;11660;13570;403.7419355;12713.19355;26283.19355
AURA;1602;16;2;0;654.0344828;11660;13570;407.137931;12721.17241;26291.17241
AURA;1603;16;3;0;658.6129032;11660;13570;410.5483871;12729.16129;26299.16129
AURA;1604;16;4;0;663.3;11660;13570;413.9333333;12737.23333;26307.23333
AURA;1605;16;5;0;667.9677419;11660;13570;417.3548387;12745.32258;26315.32258
AURA;1606;16;6;0;672.6333333;11660;13570;420.7;12753.33333;26323.33333
AURA;1607;16;7;0;677.2903226;11660;13570;424.2580645;12761.54839;26331.54839
AURA;1608;16;8;0;682.0322581;11660;13570;427.6451613;12769.67742;26339.67742
AURA;1609;16;9;0;686.7;11660;13570;431.0666667;12777.76667;26347.76667
AURA;1610;16;10;0;691.3870968;11660;13570;434.4516129;12785.83871;26355.83871
AURA;1611;16;11;0;696.0333333;11660;13570;437.9333333;12793.96667;26363.96667
AURA;1612;16;12;0;700.7096774;11660;13570;441.3548387;12802.06452;26372.06452
AURA;1701;17;1;0;706.1935484;11660;13570;445.483871;12811.67742;26381.67742
AURA;1702;17;2;0;712.1071429;11660;13570;450.0714286;12822.17857;26392.17857
AURA;1703;17;3;0;718;11660;13570;454.7096774;12832.70968;26402.70968
AURA;1704;17;4;0;724.1;11660;13570;459.4666667;12843.56667;26413.56667
AURA;1705;17;5;0;730.1935484;11660;13570;464.2258065;12854.41935;26424.41935
AURA;1706;17;6;0;736.3;11660;13570;469;12865.3;26435.3
AURA;1707;17;7;0;742.3870968;11660;13570;473.7741935;12876.16129;26446.16129
AURA;1708;17;8;0;748.6129032;11660;13570;478.6129032;12887.22581;26457.22581
AURA;1709;17;9;0;754.7;11660;13570;483.3666667;12898.06667;26468.06667
AURA;1710;17;10;0;760.8064516;11660;13570;488.1290323;12908.93548;26478.93548
AURA;1711;17;11;0;766.9;11660;13570;492.9333333;12919.83333;26489.83333
AURA;1712;17;12;0;773;11660;13570;497.6774194;12930.67742;26500.67742
AURA;1801;18;1;0;783.2580645;11660;13570;502.2903226;12945.54839;26515.54839
AURA;1802;18;2;0;796.6785714;11660;13570;506.6428571;12963.32143;26533.32143
AURA;1803;18;3;0;810.0967742;11660;13570;510.8709677;12980.96774;26550.96774
AURA;1804;18;4;0;823.9666667;11660;13570;515.3333333;12999.3;26569.3
AURA;1805;18;5;0;837.8064516;11660;13570;519.7419355;13017.54839;26587.54839
AURA;1806;18;6;0;851.6666667;11660;13570;524.2;13035.86667;26605.86667
AURA;1807;18;7;0;865.6451613;11660;13570;528.5806452;13054.22581;26624.22581
AURA;1808;18;8;0;879.7419355;11660;13570;533.1290323;13072.87097;26642.87097
AURA;1809;18;9;0;893.5666667;11660;13570;537.5;13091.06667;26661.06667
AURA;1810;18;10;0;907.4516129;11660;13570;542;13109.45161;26679.45161
AURA;1811;18;11;0;921.3333333;11660;13570;546.3333333;13127.66667;26697.66667
AURA;1812;18;12;0;935.1935484;11660;13570;550.8709677;13146.06452;26716.06452
AURA;1901;19;1;0;947.516129;11660;13570;553;13160.51613;26730.51613
AURA;1902;19;2;0;957.6785714;11660;13570;553;13170.67857;26740.67857
AURA;1903;19;3;0;967.9032258;11660;13570;553;13180.90323;26750.90323
AURA;1904;19;4;0;978.4;11660;13570;553;13191.4;26761.4
AURA;1905;19;5;0;988.9354839;11660;13570;553;13201.93548;26771.93548
AURA;1906;19;6;0;999.4666667;11660;13570;553;13212.46667;26782.46667
AURA;1907;19;7;0;1010;11660;13570;553;13222.03226;26792.03226
AURA;1908;19;8;0;1020.741935;11660;13570;553;13232.74194;26802.74194
AURA;1909;19;9;0;1031.233333;11660;13570;553;13243.23333;26813.23333
AURA;1910;19;10;0;1041.774194;11660;13570;553;13253.77419;26823.77419
AURA;1911;19;11;0;1052.3;11660;13570;553;13264.3;26834.3
AURA;1912;19;12;0;1062.83871;11660;13570;553;13274.83871;26844.83871
AURA;2001;20;1;0;1073.322581;11660;13570;553.2580645;13286.58065;26856.58065
AURA;2002;20;2;0;1083.344828;11660;13570;555.8275862;13299.17241;26869.17241
AURA;2003;20;3;0;1093.322581;11660;13570;558.1612903;13311.48387;26881.48387
AURA;2004;20;4;0;1103.5;11660;13570;560.8;13324.3;26894.3
AURA;2005;20;5;0;1113.677419;11660;13570;563.1612903;13336.83871;26906.83871
AURA;2006;20;6;0;1123.833333;11660;13570;565.8;13349.63333;26919.63333
AURA;2007;20;7;0;1134;11660;13570;568.1612903;13362.16129;26932.16129
AURA;2008;20;8;0;1144.322581;11660;13570;570.8387097;13375.16129;26945.16129
AURA;2009;20;9;0;1154.5;11660;13570;573.2;13387.7;26957.7
AURA;2010;20;10;0;1164.677419;11660;13570;575.8387097;13400.51613;26970.51613
AURA;2011;20;11;0;1174.833333;11660;13570;578.2;13413.03333;26983.03333
AURA;2012;20;12;0;1185;11660;13570;580.8387097;13425.83871;26995.83871
AURA;2101;21;1;0;1203.258065;11660;13570;586.516129;13449.77419;27019.77419
AURA;2102;21;2;0;1227.785714;11660;13570;594.8571429;13482.64286;27052.64286
AURA;2103;21;3;0;1252.258065;11660;13570;603.1290323;13515.3871;27085.3871
AURA;2104;21;4;0;1277.6;11660;13570;611.8;13549.4;27119.4
AURA;2105;21;5;0;1302.903226;11660;13570;620.3870968;13583.29032;27153.29032
AURA;2106;21;6;0;1328.2;11660;13570;629;13617.2;27187.2
AURA;2107;21;7;0;1353.548387;11660;13570;637.5806452;13651.12903;27221.12903
AURA;2108;21;8;0;1379.258065;11660;13570;646.3225806;13685.58065;27255.58065
AURA;2109;21;9;0;1404.6;11660;13570;654.9333333;13719.53333;27289.53333
AURA;2110;21;10;0;1429.903226;11660;13570;663.5806452;13753.48387;27323.48387
B;1301;13;1;0;133.6774194;275;0;751.3870968;1160.064516;1160.064516
B;1302;13;2;0;135.1785714;275;0;754;1164.178571;1164.178571
B;1303;13;3;0;136.483871;275;0;756.5806452;1168.064516;1168.064516
B;1304;13;4;0;137.8666667;275;0;759.2333333;1172.1;1172.1
B;1305;13;5;0;139.3870968;275;0;761.9354839;1176.322581;1176.322581
B;1306;13;6;0;140.6666667;275;0;764.6333333;1180.3;1180.3
B;1307;13;7;0;142.2580645;275;0;767.2258065;1184.483871;1184.483871
B;1308;13;8;0;143.5806452;275;0;770;1188.580645;1188.580645
B;1309;13;9;0;145.0666667;275;0;772.6666667;1192.733333;1192.733333
B;1310;13;10;0;146.483871;275;0;775.3225806;1196.806452;1196.806452
B;1311;13;11;0;147.8333333;275;0;778;1200.833333;1200.833333
B;1312;13;12;0;149.3548387;275;0;780.7096774;1205.064516;1205.064516
B;1401;14;1;0;150.6774194;275;0;783.9032258;1209.580645;1209.580645
B;1402;14;2;0;152.1785714;275;0;787.5;1214.678571;1214.678571
B;1403;14;3;0;153.483871;275;0;791.0322581;1219.516129;1219.516129
B;1404;14;4;0;154.8666667;275;0;794.7;1224.566667;1224.566667
B;1405;14;5;0;156.3870968;275;0;798.4193548;1229.806452;1229.806452
B;1406;14;6;0;157.6666667;275;0;802.0666667;1234.733333;1234.733333
B;1407;14;7;0;159.2580645;275;0;805.7419355;1240;1240
B;1408;14;8;0;160.5806452;275;0;809.483871;1245.064516;1245.064516
B;1409;14;9;0;162.0666667;275;0;813.1666667;1250.233333;1250.233333
B;1410;14;10;0;163.483871;275;0;816.8387097;1255.322581;1255.322581
B;1411;14;11;0;164.8333333;275;0;820.5;1260.333333;1260.333333
B;1412;14;12;0;166.3548387;275;0;824.2258065;1265.580645;1265.580645
B;1501;15;1;0;167.483871;275;0;827.1935484;1269.677419;1269.677419
B;1502;15;2;0;168.3571429;275;0;829.5;1272.857143;1272.857143
B;1503;15;3;0;169.2580645;275;0;831.8064516;1276.064516;1276.064516
B;1504;15;4;0;170.1333333;275;0;834.1;1279.233333;1279.233333
B;1505;15;5;0;171.0645161;275;0;836.4516129;1282.516129;1282.516129
B;1506;15;6;0;172;275;0;838.8333333;1285.833333;1285.833333
B;1507;15;7;0;172.9677419;275;0;841.0645161;1289.032258;1289.032258
B;1508;15;8;0;173.9032258;275;0;843.4516129;1292.354839;1292.354839
B;1509;15;9;0;174.8333333;275;0;845.8333333;1295.666667;1295.666667
B;1510;15;10;0;175.7096774;275;0;848.1290323;1298.83871;1298.83871
B;1511;15;11;0;176.6333333;275;0;850.5;1302.133333;1302.133333
B;1512;15;12;0;177.5483871;275;0;852.8709677;1305.419355;1305.419355
B;1601;16;1;0;178.516129;275;0;856.5806452;1310.096774;1310.096774
B;1602;16;2;0;179.5172414;275;0;861.4137931;1315.931034;1315.931034
B;1603;16;3;0;180.483871;275;0;866.2580645;1321.741935;1321.741935
B;1604;16;4;0;181.5;275;0;871.1666667;1327.666667;1327.666667
B;1605;16;5;0;182.483871;275;0;876.0967742;1333.580645;1333.580645
B;1606;16;6;0;183.5;275;0;881;1339.5;1339.5
B;1607;16;7;0;184.483871;275;0;885.9354839;1345.419355;1345.419355
B;1608;16;8;0;185.516129;275;0;890.9032258;1351.419355;1351.419355
B;1609;16;9;0;186.5;275;0;895.8333333;1357.333333;1357.333333
B;1610;16;10;0;187.516129;275;0;900.7419355;1363.258065;1363.258065
B;1611;16;11;0;188.5;275;0;905.6666667;1369.166667;1369.166667
B;1612;16;12;0;189.516129;275;0;910.5806452;1375.096774;1375.096774
B;1701;17;1;0;190.6129032;275;0;915.7419355;1381.354839;1381.354839
B;1702;17;2;0;191.8214286;275;0;920.6785714;1387.5;1387.5
B;1703;17;3;0;193.1290323;275;0;925.5806452;1393.709677;1393.709677
B;1704;17;4;0;194.3666667;275;0;930.6666667;1400.033333;1400.033333
B;1705;17;5;0;195.5806452;275;0;935.7419355;1406.322581;1406.322581
B;1706;17;6;0;196.7666667;275;0;940.8333333;1412.6;1412.6
B;1707;17;7;0;198.1612903;275;0;945.9032258;1419.064516;1419.064516
B;1708;17;8;0;199.3870968;275;0;951.0967742;1425.483871;1425.483871
B;1709;17;9;0;200.6;275;0;956.1666667;1431.766667;1431.766667
B;1710;17;10;0;201.8064516;275;0;961.2580645;1438.064516;1438.064516
B;1711;17;11;0;203.2;275;0;966.3333333;1444.533333;1444.533333
B;1712;17;12;0;204.4193548;275;0;971.4193548;1450.83871;1450.83871
B;1801;18;1;0;205.5806452;275;0;975.7419355;1456.322581;1456.322581
B;1802;18;2;0;206.7142857;275;0;978.9642857;1460.678571;1460.678571
B;1803;18;3;0;207.8064516;275;0;982.2580645;1465.064516;1465.064516
B;1804;18;4;0;209.0666667;275;0;985.5666667;1469.633333;1469.633333
B;1805;18;5;0;210.2580645;275;0;988.8709677;1474.129032;1474.129032
B;1806;18;6;0;211.4;275;0;992.3;1478.7;1478.7
B;1807;18;7;0;212.5483871;275;0;995.5483871;1483.096774;1483.096774
B;1808;18;8;0;213.7096774;275;0;999;1487.709677;1487.709677
B;1809;18;9;0;214.8666667;275;0;1002.333333;1492.2;1492.2
B;1810;18;10;0;216.1612903;275;0;1005.645161;1496.806452;1496.806452
B;1811;18;11;0;217.3;275;0;1009.033333;1501.333333;1501.333333
B;1812;18;12;0;218.4516129;275;0;1012.354839;1505.806452;1505.806452
B;1901;19;1;0;219.6774194;275;0;1015.451613;1510.129032;1510.129032
B;1902;19;2;0;221.1785714;275;0;1018.107143;1514.285714;1514.285714
B;1903;19;3;0;222.483871;275;0;1020.83871;1518.322581;1518.322581
B;1904;19;4;0;223.8666667;275;0;1023.5;1522.366667;1522.366667
B;1905;19;5;0;225.3870968;275;0;1026.258065;1526.645161;1526.645161
B;1906;19;6;0;226.6666667;275;0;1029.033333;1530.7;1530.7
B;1907;19;7;0;228.2580645;275;0;1031.83871;1535.096774;1535.096774
B;1908;19;8;0;229.5806452;275;0;1034.645161;1539.225806;1539.225806
B;1909;19;9;0;231.0666667;275;0;1037.4;1543.466667;1543.466667
B;1910;19;10;0;232.483871;275;0;1040.064516;1547.548387;1547.548387
B;1911;19;11;0;233.8333333;275;0;1042.9;1551.733333;1551.733333
B;1912;19;12;0;235.3548387;275;0;1045.645161;1556;1556
B;2001;20;1;0;236.6774194;275;0;1047.709677;1559.387097;1559.387097
B;2002;20;2;0;238.2068966;275;0;1049.344828;1562.551724;1562.551724
B;2003;20;3;0;239.516129;275;0;1050.645161;1565.16129;1565.16129
B;2004;20;4;0;240.9333333;275;0;1052.333333;1568.266667;1568.266667
B;2005;20;5;0;242.4193548;275;0;1053.645161;1571.064516;1571.064516
B;2006;20;6;0;243.7;275;0;1055.333333;1574.033333;1574.033333
B;2007;20;7;0;245.2903226;275;0;1056.645161;1576.935484;1576.935484
B;2008;20;8;0;246.5806452;275;0;1058.354839;1579.935484;1579.935484
B;2009;20;9;0;248.0666667;275;0;1059.666667;1582.733333;1582.733333
B;2010;20;10;0;249.483871;275;0;1061.354839;1585.83871;1585.83871
B;2011;20;11;0;250.8333333;275;0;1062.666667;1588.5;1588.5
B;2012;20;12;0;252.3548387;275;0;1064.354839;1591.709677;1591.709677
B;2101;21;1;0;255.7419355;275;0;1068.258065;1599;1599
B;2102;21;2;0;260.6785714;275;0;1074.357143;1610.035714;1610.035714
B;2103;21;3;0;265.5806452;275;0;1080.387097;1620.967742;1620.967742
B;2104;21;4;0;270.6666667;275;0;1086.7;1632.366667;1632.366667
B;2105;21;5;0;275.7419355;275;0;1092.967742;1643.709677;1643.709677
B;2106;21;6;0;280.8333333;275;0;1099.2;1655.033333;1655.033333
B;2107;21;7;0;285.9032258;275;0;1105.483871;1666.387097;1666.387097
B;2108;21;8;0;291.0967742;275;0;1111.83871;1677.935484;1677.935484
B;2109;21;9;0;296.1666667;275;0;1118.1;1689.266667;1689.266667
B;2110;21;10;0;301.2580645;275;0;1124.387097;1700.645161;1700.645161
BFC;1301;13;1;245;130.0967742;522;0;168.516129;820.6129032;1065.612903
BFC;1302;13;2;245;132.1071429;522;0;169.5;823.6071429;1068.607143
BFC;1303;13;3;245;134.1290323;522;0;170.4516129;826.5806452;1071.580645
BFC;1304;13;4;245;136.2333333;522;0;171.4666667;829.7;1074.7
BFC;1305;13;5;245;138.2903226;522;0;172.483871;832.7741935;1077.774194
BFC;1306;13;6;245;140.4;522;0;173.4666667;835.8666667;1080.866667
BFC;1307;13;7;245;142.483871;522;0;174.483871;838.9677419;1083.967742
BFC;1308;13;8;245;144.6451613;522;0;175.483871;842.1290323;1087.129032
BFC;1309;13;9;245;146.7;522;0;176.5;845.2;1090.2
BFC;1310;13;10;245;148.8064516;522;0;177.516129;848.3225806;1093.322581
BFC;1311;13;11;245;150.9;522;0;178.5;851.4;1096.4
BFC;1312;13;12;245;152.9677419;522;0;179.516129;854.483871;1099.483871
BFC;1401;14;1;245;154.7096774;522;0;184.8709677;861.5806452;1106.580645
BFC;1402;14;2;245;156.3214286;522;0;193.8571429;872.1785714;1117.178571
BFC;1403;14;3;245;157.6451613;522;0;202.8064516;882.4516129;1127.451613
BFC;1404;14;4;245;159.2666667;522;0;212.0666667;893.3333333;1138.333333
BFC;1405;14;5;245;160.6451613;522;0;221.3548387;904;1149
BFC;1406;14;6;245;162.2666667;522;0;230.6333333;914.9;1159.9
BFC;1407;14;7;245;163.6451613;522;0;239.9032258;925.5483871;1170.548387
BFC;1408;14;8;245;165.3225806;522;0;249.3548387;936.6774194;1181.677419
BFC;1409;14;9;245;166.6666667;522;0;258.6333333;947.3;1192.3
BFC;1410;14;10;245;168.3225806;522;0;267.8709677;958.1935484;1203.193548
BFC;1411;14;11;245;169.6666667;522;0;277.1666667;968.8333333;1213.833333
BFC;1412;14;12;245;171.3548387;522;0;286.4193548;979.7741935;1224.774194
BFC;1501;15;1;234.260274;172.6129032;522;0;294.8387097;989.4516129;1234.451613
BFC;1502;15;2;214.4589041;173.8214286;522;0;302;997.8214286;1242.821429
BFC;1503;15;3;194.6575342;175.1290323;522;0;309.0645161;1006.193548;1251.193548
BFC;1504;15;4;174.1849315;176.3666667;522;0;316.4333333;1014.8;1259.8
BFC;1505;15;5;153.7123288;177.5806452;522;0;323.7741935;1023.354839;1268.354839
BFC;1506;15;6;133.239726;178.7666667;522;0;331.1666667;1031.933333;1276.933333
BFC;1507;15;7;112.7671233;180.1612903;522;0;338.483871;1040.645161;1285.645161
BFC;1508;15;8;91.95890411;181.3870968;522;0;345.9677419;1049.354839;1294.354839
BFC;1509;15;9;71.48630137;182.6;522;0;353.3333333;1057.933333;1302.933333
BFC;1510;15;10;51.01369863;183.8064516;522;0;360.6774194;1066.483871;1311.483871
BFC;1511;15;11;30.54109589;185.2;522;0;368.0333333;1075.233333;1320.233333
BFC;1512;15;12;10.06849315;186.4193548;522;0;375.3870968;1083.806452;1328.806452
BFC;1601;16;1;0;187.3548387;522;0;382.8064516;1092.16129;1337.16129
BFC;1602;16;2;0;188;522;0;390.0689655;1100.068966;1345.068966
BFC;1603;16;3;0;189;522;0;397.2903226;1108.290323;1353.290323
BFC;1604;16;4;0;189.6666667;522;0;404.6;1116.266667;1361.266667
BFC;1605;16;5;0;190.3225806;522;0;411.9354839;1124.258065;1369.258065
BFC;1606;16;6;0;191;522;0;419.3;1132.3;1377.3
BFC;1607;16;7;0;192;522;0;426.5806452;1140.580645;1385.580645
BFC;1608;16;8;0;192.6774194;522;0;434.0645161;1148.741935;1393.741935
BFC;1609;16;9;0;193.3333333;522;0;441.4;1156.733333;1401.733333
BFC;1610;16;10;0;194.0322581;522;0;448.7096774;1164.741935;1409.741935
BFC;1611;16;11;0;195;522;0;456.0666667;1173.066667;1418.066667
BFC;1612;16;12;0;195.6774194;522;0;463.4193548;1181.096774;1426.096774
BFC;1701;17;1;0;197.9354839;522;0;474.5483871;1194.483871;1439.483871
BFC;1702;17;2;0;201.6071429;522;0;488.5714286;1212.178571;1457.178571
BFC;1703;17;3;0;205.2580645;522;0;502.516129;1229.774194;1474.774194
BFC;1704;17;4;0;209;522;0;517.0333333;1248.033333;1493.033333
BFC;1705;17;5;0;212.7741935;522;0;531.483871;1266.258065;1511.258065
BFC;1706;17;6;0;216.5;522;0;545.9;1284.4;1529.4
BFC;1707;17;7;0;220.3225806;522;0;560.3870968;1302.709677;1547.709677
BFC;1708;17;8;0;224.0967742;522;0;575.0322581;1321.129032;1566.129032
BFC;1709;17;9;0;227.8666667;522;0;589.5;1339.366667;1584.366667
BFC;1710;17;10;0;231.6129032;522;0;604;1357.612903;1602.612903
BFC;1711;17;11;0;235.4;522;0;618.4333333;1375.833333;1620.833333
BFC;1712;17;12;0;239.1935484;522;0;632.9354839;1394.129032;1639.129032
BFC;1801;18;1;0;242.2580645;522;0;642.9677419;1407.225806;1652.225806
BFC;1802;18;2;0;244.7857143;522;0;648.5;1415.285714;1660.285714
BFC;1803;18;3;0;247.1290323;522;0;653.9677419;1423.096774;1668.096774
BFC;1804;18;4;0;249.7;522;0;659.6333333;1431.333333;1676.333333
BFC;1805;18;5;0;252.1612903;522;0;665.3548387;1439.516129;1684.516129
BFC;1806;18;6;0;254.7;522;0;671.0333333;1447.733333;1692.733333
BFC;1807;18;7;0;257.1612903;522;0;676.6774194;1455.83871;1700.83871
BFC;1808;18;8;0;259.7741935;522;0;682.483871;1464.258065;1709.258065
BFC;1809;18;9;0;262.2;522;0;688.1666667;1472.366667;1717.366667
BFC;1810;18;10;0;264.8064516;522;0;693.8387097;1480.645161;1725.645161
BFC;1811;18;11;0;267.2;522;0;699.5;1488.7;1733.7
BFC;1812;18;12;0;269.8387097;522;0;705.2258065;1497.064516;1742.064516
BFC;1901;19;1;0;272.0322581;522;0;712.3548387;1506.387097;1751.387097
BFC;1902;19;2;0;273.8571429;522;0;720.5;1516.357143;1761.357143
BFC;1903;19;3;0;275.7096774;522;0;728.5483871;1526.258065;1771.258065
BFC;1904;19;4;0;277.6;522;0;736.9;1536.5;1781.5
BFC;1905;19;5;0;279.5806452;522;0;745.2580645;1546.83871;1791.83871
BFC;1906;19;6;0;281.5;522;0;753.6;1557.1;1802.1
BFC;1907;19;7;0;283.4193548;522;0;762;1567.419355;1812.419355
BFC;1908;19;8;0;285.3548387;522;0;770.4516129;1577.806452;1822.806452
BFC;1909;19;9;0;287.3333333;522;0;778.8333333;1588.166667;1833.166667
BFC;1910;19;10;0;289.2258065;522;0;787.1612903;1598.387097;1843.387097
BFC;1911;19;11;0;291.1333333;522;0;795.5333333;1608.666667;1853.666667
BFC;1912;19;12;0;293.0322581;522;0;803.9032258;1618.935484;1863.935484
BFC;2001;20;1;0;295.5483871;522;0;810.7741935;1628.322581;1873.322581
BFC;2002;20;2;0;298.5517241;522;0;816.0344828;1636.586207;1881.586207
BFC;2003;20;3;0;301.4516129;522;0;821.3225806;1644.774194;1889.774194
BFC;2004;20;4;0;304.5;522;0;826.6;1653.1;1898.1
BFC;2005;20;5;0;307.4516129;522;0;831.9677419;1661.419355;1906.419355
BFC;2006;20;6;0;310.5;522;0;837.3;1669.8;1914.8
BFC;2007;20;7;0;313.4516129;522;0;842.6129032;1678.064516;1923.064516
BFC;2008;20;8;0;316.5483871;522;0;848.0322581;1686.580645;1931.580645
BFC;2009;20;9;0;319.5;522;0;853.4;1694.9;1939.9
BFC;2010;20;10;0;322.5483871;522;0;858.6774194;1703.225806;1948.225806
BFC;2011;20;11;0;325.5;522;0;864.0666667;1711.566667;1956.566667
BFC;2012;20;12;0;328.5483871;522;0;869.3870968;1719.935484;1964.935484
BFC;2101;21;1;0;335.6451613;522;0;875.5806452;1733.225806;1967.486081
BFC;2102;21;2;0;346.0357143;522;0;882.2142857;1750.25;1964.708904
BFC;2103;21;3;0;356.516129;522;0;888.8709677;1767.387097;1962.044631
BFC;2104;21;4;0;367.3;522;0;895.7;1785;1959.184932
BFC;2105;21;5;0;378.0645161;522;0;902.5483871;1802.612903;1956.325232
BFC;2106;21;6;0;388.8333333;522;0;909.4;1820.233333;1953.473059
BFC;2107;21;7;0;399.6451613;522;0;916.2580645;1837.903226;1950.670349
BFC;2108;21;8;0;410.5806452;522;0;923.2258065;1855.806452;1947.765356
BFC;2109;21;9;0;421.3333333;522;0;930.0666667;1873.4;1944.886301
BFC;2110;21;10;0;432.1290323;522;0;936.9032258;1891.032258;1942.045957
CVDL;1301;13;1;0;141.5806452;93;11630;706.3870968;940.9677419;12570.96774
CVDL;1302;13;2;0;142.7142857;93;11630;712.7142857;948.4285714;12578.42857
CVDL;1303;13;3;0;143.8064516;93;11630;719.0322581;955.8387097;12585.83871
CVDL;1304;13;4;0;145.0666667;93;11630;725.5666667;963.6333333;12593.63333
CVDL;1305;13;5;0;146.2580645;93;11630;732.0322581;971.2903226;12601.29032
CVDL;1306;13;6;0;147.4;93;11630;738.5666667;978.9666667;12608.96667
CVDL;1307;13;7;0;148.5483871;93;11630;745.0967742;986.6451613;12616.64516
CVDL;1308;13;8;0;149.7096774;93;11630;751.7741935;994.483871;12624.48387
CVDL;1309;13;9;0;150.8666667;93;11630;758.2;1002.066667;12632.06667
CVDL;1310;13;10;0;152.1612903;93;11630;764.7741935;1009.935484;12639.93548
CVDL;1311;13;11;0;153.3;93;11630;771.2666667;1017.566667;12647.56667
CVDL;1312;13;12;0;154.4516129;93;11630;777.8387097;1025.290323;12655.29032
CVDL;1401;14;1;0;155.6129032;93;11630;783.7419355;1032.354839;12662.35484
CVDL;1402;14;2;0;156.8214286;93;11630;788.8571429;1038.678571;12668.67857
CVDL;1403;14;3;0;158.1290323;93;11630;793.9354839;1045.064516;12675.06452
CVDL;1404;14;4;0;159.3666667;93;11630;799.2333333;1051.6;12681.6
CVDL;1405;14;5;0;160.5806452;93;11630;804.483871;1058.064516;12688.06452
CVDL;1406;14;6;0;161.7666667;93;11630;809.7333333;1064.5;12694.5
CVDL;1407;14;7;0;163.1612903;93;11630;815;1071.16129;12701.16129
CVDL;1408;14;8;0;164.3870968;93;11630;820.3548387;1077.741935;12707.74194
CVDL;1409;14;9;0;165.6;93;11630;825.6;1084.2;12714.2
CVDL;1410;14;10;0;166.8064516;93;11630;830.8709677;1090.677419;12720.67742
CVDL;1411;14;11;0;168.2;93;11630;836.1666667;1097.366667;12727.36667
CVDL;1412;14;12;0;169.4193548;93;11630;841.4193548;1103.83871;12733.83871
CVDL;1501;15;1;0;171.2258065;93;11630;845.3870968;1109.612903;12739.6129
CVDL;1502;15;2;0;173.6428571;93;11630;848;1114.642857;12744.64286
CVDL;1503;15;3;0;175.9677419;93;11630;850.5806452;1119.548387;12749.54839
CVDL;1504;15;4;0;178.3666667;93;11630;853.2333333;1124.6;12754.6
CVDL;1505;15;5;0;180.8387097;93;11630;855.9354839;1129.774194;12759.77419
CVDL;1506;15;6;0;183.2;93;11630;858.6333333;1134.833333;12764.83333
CVDL;1507;15;7;0;185.6774194;93;11630;861.2258065;1139.903226;12769.90323
CVDL;1508;15;8;0;188.0967742;93;11630;864;1145.096774;12775.09677
CVDL;1509;15;9;0;190.5333333;93;11630;866.6666667;1150.2;12780.2
CVDL;1510;15;10;0;192.9677419;93;11630;869.3225806;1155.290323;12785.29032
CVDL;1511;15;11;0;195.3666667;93;11630;872;1160.366667;12790.36667
CVDL;1512;15;12;0;197.8387097;93;11630;874.7096774;1165.548387;12795.54839
CVDL;1601;16;1;0;199.7096774;93;11630;879.1935484;1171.903226;12801.90323
CVDL;1602;16;2;0;201.3448276;93;11630;885.3103448;1179.655172;12809.65517
CVDL;1603;16;3;0;202.6451613;93;11630;891.3870968;1187.032258;12817.03226
CVDL;1604;16;4;0;204.3333333;93;11630;897.5;1194.833333;12824.83333
CVDL;1605;16;5;0;205.6451613;93;11630;903.7096774;1202.354839;12832.35484
CVDL;1606;16;6;0;207.3333333;93;11630;909.9;1210.233333;12840.23333
CVDL;1607;16;7;0;208.6451613;93;11630;916;1217.645161;12847.64516
CVDL;1608;16;8;0;210.3548387;93;11630;922.2903226;1225.645161;12855.64516
CVDL;1609;16;9;0;211.6666667;93;11630;928.5;1233.166667;12863.16667
CVDL;1610;16;10;0;213.3548387;93;11630;934.6129032;1240.967742;12870.96774
CVDL;1611;16;11;0;214.6666667;93;11630;940.8;1248.466667;12878.46667
CVDL;1612;16;12;0;216.3548387;93;11630;947;1256.354839;12886.35484
CVDL;1701;17;1;0;217.9032258;93;11630;952.9354839;1263.83871;12893.83871
CVDL;1702;17;2;0;219.5714286;93;11630;958.3571429;1270.928571;12900.92857
CVDL;1703;17;3;0;221.3548387;93;11630;963.7741935;1278.129032;12908.12903
CVDL;1704;17;4;0;223.1;93;11630;969.3666667;1285.466667;12915.46667
CVDL;1705;17;5;0;224.8064516;93;11630;974.9677419;1292.774194;12922.77419
CVDL;1706;17;6;0;226.5333333;93;11630;980.5333333;1300.066667;12930.06667
CVDL;1707;17;7;0;228.3870968;93;11630;986.1935484;1307.580645;12937.58065
CVDL;1708;17;8;0;230.1290323;93;11630;991.8387097;1314.967742;12944.96774
CVDL;1709;17;9;0;231.8333333;93;11630;997.4666667;1322.3;12952.3
CVDL;1710;17;10;0;233.5806452;93;11630;1003.032258;1329.612903;12959.6129
CVDL;1711;17;11;0;235.4333333;93;11630;1008.633333;1337.066667;12967.06667
CVDL;1712;17;12;0;237.1612903;93;11630;1014.258065;1344.419355;12974.41935
CVDL;1801;18;1;0;239.4516129;93;11630;1022.129032;1354.580645;12984.58065
CVDL;1802;18;2;0;242.1071429;93;11630;1031.607143;1366.714286;12996.71429
CVDL;1803;18;3;0;244.8387097;93;11630;1041.064516;1378.903226;13008.90323
CVDL;1804;18;4;0;247.5;93;11630;1050.8;1391.3;13021.3
CVDL;1805;18;5;0;250.2580645;93;11630;1060.580645;1403.83871;13033.83871
CVDL;1806;18;6;0;253.0333333;93;11630;1070.366667;1416.4;13046.4
CVDL;1807;18;7;0;255.8387097;93;11630;1080.16129;1429;13059
CVDL;1808;18;8;0;258.6451613;93;11630;1090.096774;1441.741935;13071.74194
CVDL;1809;18;9;0;261.4;93;11630;1099.866667;1454.266667;13084.26667
CVDL;1810;18;10;0;264.0645161;93;11630;1109.612903;1466.677419;13096.67742
CVDL;1811;18;11;0;266.9;93;11630;1119.4;1479.3;13109.3
CVDL;1812;18;12;0;269.6451613;93;11630;1129.193548;1491.83871;13121.83871
CVDL;1901;19;1;0;273.1290323;93;11630;1139.322581;1505.451613;13135.45161
CVDL;1902;19;2;0;277.1428571;93;11630;1149.178571;1519.321429;13149.32143
CVDL;1903;19;3;0;281.0645161;93;11630;1159;1533.064516;13163.06452
CVDL;1904;19;4;0;285.1333333;93;11630;1168.833333;1546.966667;13176.96667
CVDL;1905;19;5;0;289.2580645;93;11630;1179;1561.258065;13191.25806
CVDL;1906;19;6;0;293.3333333;93;11630;1189.166667;1575.5;13205.5
CVDL;1907;19;7;0;297.4516129;93;11630;1199.322581;1589.774194;13219.77419
CVDL;1908;19;8;0;301.6129032;93;11630;1209.677419;1604.290323;13234.29032
CVDL;1909;19;9;0;305.7333333;93;11630;1219.833333;1618.566667;13248.56667
CVDL;1910;19;10;0;309.8064516;93;11630;1229.677419;1632.483871;13262.48387
CVDL;1911;19;11;0;313.8666667;93;11630;1239.833333;1646.7;13276.7
CVDL;1912;19;12;0;318;93;11630;1250;1661;13291
CVDL;2001;20;1;0;322.4193548;93;11630;1256.677419;1672.096774;13302.09677
CVDL;2002;20;2;0;326.9310345;93;11630;1259.896552;1679.827586;13309.82759
CVDL;2003;20;3;0;331.4193548;93;11630;1263.129032;1687.548387;13317.54839
CVDL;2004;20;4;0;336;93;11630;1266.366667;1695.366667;13325.36667
CVDL;2005;20;5;0;340.5806452;93;11630;1269.580645;1703.16129;13333.16129
CVDL;2006;20;6;0;345.1333333;93;11630;1272.833333;1710.966667;13340.96667
CVDL;2007;20;7;0;349.8064516;93;11630;1276.129032;1718.935484;13348.93548
CVDL;2008;20;8;0;354.4193548;93;11630;1279.419355;1726.83871;13356.83871
CVDL;2009;20;9;0;359;93;11630;1282.633333;1734.633333;13364.63333
CVDL;2010;20;10;0;363.5806452;93;11630;1285.903226;1742.483871;13372.48387
CVDL;2011;20;11;0;368.1333333;93;11630;1289.166667;1750.3;13380.3
CVDL;2012;20;12;0;372.7419355;93;11630;1292.419355;1758.16129;13388.16129
CVDL;2101;21;1;0;387.2258065;93;11630;1299.483871;1779.709677;13409.70968
CVDL;2102;21;2;0;409.6428571;93;11630;1309.535714;1812.178571;13442.17857
CVDL;2103;21;3;0;432.1612903;93;11630;1319.677419;1844.83871;13474.83871
CVDL;2104;21;4;0;455.3333333;93;11630;1330.166667;1878.5;13508.5
CVDL;2105;21;5;0;478.5483871;93;11630;1340.580645;1912.129032;13542.12903
CVDL;2106;21;6;0;501.8333333;93;11630;1351.033333;1945.866667;13575.86667
CVDL;2107;21;7;0;525.0322581;93;11630;1361.451613;1979.483871;13609.48387
CVDL;2108;21;8;0;548.6774194;93;11630;1372.064516;2013.741935;13643.74194
CVDL;2109;21;9;0;571.9;93;11630;1382.5;2047.4;13677.4
CVDL;2110;21;10;0;595.0967742;93;11630;1393;2081.096774;13711.09677
GE;1301;13;1;1868;370.2258065;2308;12580;1847.516129;4525.741935;18973.74194
GE;1302;13;2;1868;372.6428571;2308;12580;1861.428571;4542.071429;18990.07143
GE;1303;13;3;1868;374.9677419;2308;12580;1875.354839;4558.322581;19006.32258
GE;1304;13;4;1868;377.3666667;2308;12580;1889.733333;4575.1;19023.1
GE;1305;13;5;1868;379.8387097;2308;12580;1904.064516;4591.903226;19039.90323
GE;1306;13;6;1868;382.2;2308;12580;1918.466667;4608.666667;19056.66667
GE;1307;13;7;1868;384.6774194;2308;12580;1932.83871;4625.516129;19073.51613
GE;1308;13;8;1868;387.0967742;2308;12580;1947.451613;4642.548387;19090.54839
GE;1309;13;9;1868;389.5333333;2308;12580;1961.8;4659.333333;19107.33333
GE;1310;13;10;1868;391.9677419;2308;12580;1976.16129;4676.129032;19124.12903
GE;1311;13;11;1868;394.3666667;2308;12580;1990.566667;4692.933333;19140.93333
GE;1312;13;12;1868;396.8387097;2308;12580;2004.967742;4709.806452;19157.80645
GE;1401;14;1;1857.041096;399.0967742;2308;12580;2026.935484;4734.032258;19182.03226
GE;1402;14;2;1836.835617;401.2142857;2308;12580;2054.535714;4763.75;19211.75
GE;1403;14;3;1816.630137;403.2903226;2308;12580;2082.064516;4793.354839;19241.35484
GE;1404;14;4;1795.739726;405.5;2308;12580;2110.566667;4824.066667;19272.06667
GE;1405;14;5;1774.849315;407.7096774;2308;12580;2139.064516;4854.774194;19302.77419
GE;1406;14;6;1753.958904;409.8666667;2308;12580;2167.533333;4885.4;19333.4
GE;1407;14;7;1733.068493;412.0322581;2308;12580;2196.064516;4916.096774;19364.09677
GE;1408;14;8;1711.835616;414.2258065;2308;12580;2225;4947.225806;19395.22581
GE;1409;14;9;1690.945206;416.4;2308;12580;2253.5;4977.9;19425.9
GE;1410;14;10;1670.054795;418.6451613;2308;12580;2282;5008.645161;19456.64516
GE;1411;14;11;1649.164384;420.8;2308;12580;2310.466667;5039.266667;19487.26667
GE;1412;14;12;1628.273973;422.9677419;2308;12580;2339;5069.967742;19517.96774
GE;1501;15;1;1596.082192;424.483871;2308;12580;2362.935484;5095.419355;19543.41935
GE;1502;15;2;1555.671233;425.3571429;2308;12580;2381.285714;5114.642857;19562.64286
GE;1503;15;3;1515.260274;426.2580645;2308;12580;2399.645161;5133.903226;19581.90323
GE;1504;15;4;1473.479452;427.1333333;2308;12580;2418.633333;5153.766667;19601.76667
GE;1505;15;5;1431.69863;428.0645161;2308;12580;2437.548387;5173.612903;19621.6129
GE;1506;15;6;1389.917808;429;2308;12580;2456.566667;5193.566667;19641.56667
GE;1507;15;7;1348.136986;429.9677419;2308;12580;2475.516129;5213.483871;19661.48387
GE;1508;15;8;1305.671233;430.9032258;2308;12580;2494.806452;5233.709677;19681.70968
GE;1509;15;9;1263.890411;431.8333333;2308;12580;2513.766667;5253.6;19701.6
GE;1510;15;10;1222.109589;432.7096774;2308;12580;2532.709677;5273.419355;19721.41935
GE;1511;15;11;1180.328767;433.6333333;2308;12580;2551.733333;5293.366667;19741.36667
GE;1512;15;12;1138.547945;434.5483871;2308;12580;2570.677419;5313.225806;19761.22581
GE;1601;16;1;1096.142077;435.4193548;2308;12580;2592.967742;5336.387097;19784.3871
GE;1602;16;2;1055.15847;436.2068966;2308;12580;2617.344828;5361.551724;19809.55172
GE;1603;16;3;1014.174863;437;2308;12580;2641.677419;5386.677419;19834.67742
GE;1604;16;4;972.5081967;438;2308;12580;2666.433333;5412.433333;19860.43333
GE;1605;16;5;930.8415301;438.7741935;2308;12580;2691.16129;5437.935484;19885.93548
GE;1606;16;6;889.1748634;439.6;2308;12580;2715.933333;5463.533333;19911.53333
GE;1607;16;7;847.5081967;440.3870968;2308;12580;2740.677419;5489.064516;19937.06452
GE;1608;16;8;805.1584699;441.2258065;2308;12580;2765.83871;5515.064516;19963.06452
GE;1609;16;9;763.4918033;442;2308;12580;2790.566667;5540.566667;19988.56667
GE;1610;16;10;721.8251366;443;2308;12580;2815.354839;5566.354839;20014.35484
GE;1611;16;11;680.1584699;443.8;2308;12580;2840.066667;5591.866667;20039.86667
GE;1612;16;12;638.4918033;444.6129032;2308;12580;2864.83871;5617.451613;20065.45161
GE;1701;17;1;618;446.0645161;2308;12580;2886.741935;5640.806452;20088.80645
GE;1702;17;2;618;447.9642857;2308;12580;2904.785714;5660.75;20108.75
GE;1703;17;3;618;449.9354839;2308;12580;2922.806452;5680.741935;20128.74194
GE;1704;17;4;618;451.9333333;2308;12580;2941.433333;5701.366667;20149.36667
GE;1705;17;5;618;453.9354839;2308;12580;2960.096774;5722.032258;20170.03226
GE;1706;17;6;618;455.9666667;2308;12580;2978.733333;5742.7;20190.7
GE;1707;17;7;618;457.9354839;2308;12580;2997.354839;5763.290323;20211.29032
GE;1708;17;8;618;460;2308;12580;3016.290323;5784.290323;20232.29032
GE;1709;17;9;618;462;2308;12580;3034.966667;5804.966667;20252.96667
GE;1710;17;10;618;464;2308;12580;3053.580645;5825.580645;20273.58065
GE;1711;17;11;618;466.0333333;2308;12580;3072.2;5846.233333;20294.23333
GE;1712;17;12;618;468;2308;12580;3090.870968;5866.870968;20314.87097
GE;1801;18;1;618;469.8387097;2308;12580;3112.419355;5890.258065;20338.25806
GE;1802;18;2;618;471.5;2308;12580;3135.285714;5914.785714;20362.78571
GE;1803;18;3;618;473.1290323;2308;12580;3158.129032;5939.258065;20387.25806
GE;1804;18;4;618;474.7333333;2308;12580;3181.8;5964.533333;20412.53333
GE;1805;18;5;618;476.483871;2308;12580;3205.451613;5989.935484;20437.93548
GE;1806;18;6;618;478.1333333;2308;12580;3229.1;6015.233333;20463.23333
GE;1807;18;7;618;479.7741935;2308;12580;3252.741935;6040.516129;20488.51613
GE;1808;18;8;618;481.483871;2308;12580;3276.774194;6066.258065;20514.25806
GE;1809;18;9;618;483.2;2308;12580;3300.433333;6091.633333;20539.63333
GE;1810;18;10;618;484.8064516;2308;12580;3324.096774;6116.903226;20564.90323
GE;1811;18;11;618;486.5;2308;12580;3347.7;6142.2;20590.2
GE;1812;18;12;618;488.2258065;2308;12580;3371.354839;6167.580645;20615.58065
GE;1901;19;1;618;491.3548387;2308;12580;3392.83871;6192.193548;20640.19355
GE;1902;19;2;618;495.75;2308;12580;3411.071429;6214.821429;20662.82143
GE;1903;19;3;618;500.0967742;2308;12580;3429.225806;6237.322581;20685.32258
GE;1904;19;4;618;504.6;2308;12580;3448.033333;6260.633333;20708.63333
GE;1905;19;5;618;509.0967742;2308;12580;3466.83871;6283.935484;20731.93548
GE;1906;19;6;618;513.6333333;2308;12580;3485.633333;6307.266667;20755.26667
GE;1907;19;7;618;518.1290323;2308;12580;3504.451613;6330.580645;20778.58065
GE;1908;19;8;618;522.7741935;2308;12580;3523.548387;6354.322581;20802.32258
GE;1909;19;9;618;527.2333333;2308;12580;3542.333333;6377.566667;20825.56667
GE;1910;19;10;618;531.7741935;2308;12580;3561.16129;6400.935484;20848.93548
GE;1911;19;11;618;536.2333333;2308;12580;3579.933333;6424.166667;20872.16667
GE;1912;19;12;618;540.8064516;2308;12580;3598.774194;6447.580645;20895.58065
GE;2001;20;1;618;545.3548387;2308;12580;3620.225806;6473.580645;20921.58065
GE;2002;20;2;618;549.7931034;2308;12580;3643.034483;6500.827586;20948.82759
GE;2003;20;3;618;554.1935484;2308;12580;3665.967742;6528.16129;20976.16129
GE;2004;20;4;618;558.7333333;2308;12580;3689.166667;6555.9;21003.9
GE;2005;20;5;618;563.1935484;2308;12580;3712.451613;6583.645161;21031.64516
GE;2006;20;6;618;567.7333333;2308;12580;3735.666667;6611.4;21059.4
GE;2007;20;7;618;572.1935484;2308;12580;3758.967742;6639.16129;21087.16129
GE;2008;20;8;618;576.8064516;2308;12580;3782.548387;6667.354839;21115.35484
GE;2009;20;9;618;581.2666667;2308;12580;3805.833333;6695.1;21143.1
GE;2010;20;10;618;585.8064516;2308;12580;3829.064516;6722.870968;21170.87097
GE;2011;20;11;618;590.2666667;2308;12580;3852.333333;6750.6;21198.6
GE;2012;20;12;618;594.8064516;2308;12580;3875.548387;6778.354839;21226.35484
GE;2101;21;1;618;611.516129;2308;12502.84932;3896.709677;6816.225806;21132.2806
GE;2102;21;2;618;638.3214286;2308;12360.60274;3914.535714;6860.857143;20933.63797
GE;2103;21;3;618;665;2308;12218.35616;3932.387097;6905.387097;20734.89395
GE;2104;21;4;618;692.6333333;2308;12071.28767;3950.9;6951.533333;20529.51963
GE;2105;21;5;618;720.3225806;2308;11924.21918;3969.354839;6997.677419;20324.14317
GE;2106;21;6;618;748;2308;11777.15069;3987.833333;7043.833333;20118.77854
GE;2107;21;7;618;775.6451613;2308;11630.08219;4006.258065;7089.903226;19913.32788
GE;2108;21;8;618;803.7741935;2308;11480.60274;4025.032258;7136.806452;19704.58727
GE;2109;21;9;618;831.4666667;2308;11333.53425;4043.5;7182.966667;19499.22694
GE;2110;21;10;618;859.0645161;2308;11186.46575;4062;7229.064516;19293.80424
HF;1301;13;1;485;104.2903226;4;5460;1505.258065;1613.548387;7558.548387
HF;1302;13;2;485;105;4;5460;1520;1629;7574
HF;1303;13;3;485;105.7096774;4;5460;1535.032258;1644.741935;7589.741935
HF;1304;13;4;485;106.2;4;5460;1550.5;1660.7;7605.7
HF;1305;13;5;485;107;4;5460;1565.83871;1676.83871;7621.83871
HF;1306;13;6;485;107.7333333;4;5460;1581.5;1693.233333;7638.233333
HF;1307;13;7;485;108.2258065;4;5460;1596.741935;1708.967742;7653.967742
HF;1308;13;8;485;109;4;5460;1612.645161;1725.645161;7670.645161
HF;1309;13;9;485;109.7666667;4;5460;1628;1741.766667;7686.766667
HF;1310;13;10;485;110.2580645;4;5460;1643.451613;1757.709677;7702.709677
HF;1311;13;11;485;111;4;5460;1659;1774;7719
HF;1312;13;12;485;111.7419355;4;5460;1674.258065;1790;7735
HF;1401;14;1;474.6986301;112.2903226;4;5460;1696.967742;1813.258065;7758.258065
HF;1402;14;2;455.7054795;113;4;5460;1724.642857;1841.642857;7786.642857
HF;1403;14;3;436.7123288;113.7096774;4;5460;1752.290323;1870;7815
HF;1404;14;4;417.0753425;114.2;4;5460;1780.9;1899.1;7844.1
HF;1405;14;5;397.4383562;115;4;5460;1809.419355;1928.419355;7873.419355
HF;1406;14;6;377.8013699;115.7333333;4;5460;1838;1957.733333;7902.733333
HF;1407;14;7;358.1643836;116.2258065;4;5460;1866.580645;1986.806452;7931.806452
HF;1408;14;8;338.2054795;117;4;5460;1895.645161;2016.645161;7961.645161
HF;1409;14;9;318.5684932;117.7666667;4;5460;1924.166667;2045.933333;7990.933333
HF;1410;14;10;298.9315068;118.2580645;4;5460;1952.774194;2075.032258;8020.032258
HF;1411;14;11;279.2945206;119;4;5460;1981.366667;2104.366667;8049.366667
HF;1412;14;12;259.6575342;119.7419355;4;5460;2009.967742;2133.709677;8078.709677
HF;1501;15;1;250;120;4;5460;2037.419355;2161.419355;8106.419355
HF;1502;15;2;250;120.5;4;5460;2062.178571;2186.678571;8131.678571
HF;1503;15;3;250;121;4;5460;2086.870968;2211.870968;8156.870968
HF;1504;15;4;250;121;4;5460;2112.466667;2237.466667;8182.466667
HF;1505;15;5;250;121.483871;4;5460;2138.032258;2263.516129;8208.516129
HF;1506;15;6;250;122;4;5460;2163.566667;2289.566667;8234.566667
HF;1507;15;7;250;122;4;5460;2189.16129;2315.16129;8260.16129
HF;1508;15;8;250;122.483871;4;5460;2215.129032;2341.612903;8286.612903
HF;1509;15;9;250;123;4;5460;2240.7;2367.7;8312.7
HF;1510;15;10;250;123;4;5460;2266.290323;2393.290323;8338.290323
HF;1511;15;11;250;123.5;4;5460;2291.833333;2419.333333;8364.333333
HF;1512;15;12;250;124;4;5460;2317.419355;2445.419355;8390.419355
HF;1601;16;1;239.0710383;124;4;5460;2349.258065;2477.258065;8422.258065
HF;1602;16;2;218.579235;124.8275862;4;5460;2385.413793;2514.241379;8459.241379
HF;1603;16;3;198.0874317;125;4;5460;2421.612903;2550.612903;8495.612903
HF;1604;16;4;177.2540984;125.4;4;5460;2458.333333;2587.733333;8532.733333
HF;1605;16;5;156.420765;126;4;5460;2495.064516;2625.064516;8570.064516
HF;1606;16;6;135.5874317;126;4;5460;2531.8;2661.8;8606.8
HF;1607;16;7;114.7540984;127;4;5460;2568.612903;2699.612903;8644.612903
HF;1608;16;8;93.57923497;127;4;5460;2605.935484;2736.935484;8681.935484
HF;1609;16;9;72.74590164;127.6;4;5460;2642.666667;2774.266667;8719.266667
HF;1610;16;10;51.91256831;128;4;5460;2679.419355;2811.419355;8756.419355
HF;1611;16;11;31.07923497;128.2;4;5460;2716.2;2848.4;8793.4
HF;1612;16;12;10.24590164;129;4;5460;2752.935484;2885.935484;8830.935484
HF;1701;17;1;0;129.0322581;4;5460;2797.677419;2930.709677;8875.709677
HF;1702;17;2;0;130;4;5460;2846.642857;2980.642857;8925.642857
HF;1703;17;3;0;130;4;5460;2895.677419;3029.677419;8974.677419
HF;1704;17;4;0;130.9666667;4;5460;2946.5;3081.466667;9026.466667
HF;1705;17;5;0;131;4;5460;2997.16129;3132.16129;9077.16129
HF;1706;17;6;0;131.9666667;4;5460;3047.833333;3183.8;9128.8
HF;1707;17;7;0;132;4;5460;3098.677419;3234.677419;9179.677419
HF;1708;17;8;0;133;4;5460;3150.16129;3287.16129;9232.16129
HF;1709;17;9;0;133;4;5460;3200.833333;3337.833333;9282.833333
HF;1710;17;10;0;134;4;5460;3251.677419;3389.677419;9334.677419
HF;1711;17;11;0;134;4;5460;3302.333333;3440.333333;9385.333333
HF;1712;17;12;0;135;4;5460;3353;3492;9437
HF;1801;18;1;0;135.7096774;4;5460;3404.870968;3544.580645;9489.580645
HF;1802;18;2;0;137.3214286;4;5460;3454.392857;3595.714286;9540.714286
HF;1803;18;3;0;138.6451613;4;5460;3503.935484;3646.580645;9591.580645
HF;1804;18;4;0;140.2666667;4;5460;3555.2;3699.466667;9644.466667
HF;1805;18;5;0;141.6451613;4;5460;3606.419355;3752.064516;9697.064516
HF;1806;18;6;0;143.2666667;4;5460;3657.633333;3804.9;9749.9
HF;1807;18;7;0;144.6451613;4;5460;3708.83871;3857.483871;9802.483871
HF;1808;18;8;0;146.3225806;4;5460;3760.903226;3911.225806;9856.225806
HF;1809;18;9;0;147.6666667;4;5460;3812.133333;3963.8;9908.8
HF;1810;18;10;0;149.3225806;4;5460;3863.387097;4016.709677;9961.709677
HF;1811;18;11;0;150.6666667;4;5460;3914.6;4069.266667;10014.26667
HF;1812;18;12;0;152.3548387;4;5460;3965.806452;4122.16129;10067.16129
HF;1901;19;1;0;153.483871;4;5460;4015.870968;4173.354839;10118.35484
HF;1902;19;2;0;154.3571429;4;5460;4061.678571;4220.035714;10165.03571
HF;1903;19;3;0;155.2580645;4;5460;4107.516129;4266.774194;10211.77419
HF;1904;19;4;0;156.1333333;4;5460;4154.866667;4315;10260
HF;1905;19;5;0;157.0645161;4;5460;4202.258065;4363.322581;10308.32258
HF;1906;19;6;0;158;4;5460;4249.666667;4411.666667;10356.66667
HF;1907;19;7;0;158.9677419;4;5460;4297;4459.967742;10404.96774
HF;1908;19;8;0;159.9032258;4;5460;4345.193548;4509.096774;10454.09677
HF;1909;19;9;0;160.8333333;4;5460;4392.566667;4557.4;10502.4
HF;1910;19;10;0;161.7096774;4;5460;4439.935484;4605.645161;10550.64516
HF;1911;19;11;0;162.6333333;4;5460;4487.333333;4653.966667;10598.96667
HF;1912;19;12;0;163.5483871;4;5460;4534.677419;4702.225806;10647.22581
HF;2001;20;1;0;164.9677419;4;5460;4574;4742.967742;10687.96774
HF;2002;20;2;0;166.7241379;4;5460;4604.517241;4775.241379;10720.24138
HF;2003;20;3;0;168.5483871;4;5460;4635;4807.548387;10752.54839
HF;2004;20;4;0;170.4333333;4;5460;4665.5;4839.933333;10784.93333
HF;2005;20;5;0;172.2580645;4;5460;4696.483871;4872.741935;10817.74194
HF;2006;20;6;0;174.0666667;4;5460;4727.5;4905.566667;10850.56667
HF;2007;20;7;0;175.9032258;4;5460;4758;4937.903226;10882.90323
HF;2008;20;8;0;177.7419355;4;5460;4789.516129;4971.258065;10916.25806
HF;2009;20;9;0;179.5666667;4;5460;4820.5;5004.066667;10949.06667
HF;2010;20;10;0;181.4516129;4;5460;4851;5036.451613;10981.45161
HF;2011;20;11;0;183.3;4;5460;4882;5069.3;11014.3
HF;2012;20;12;0;185.0967742;4;5460;4913;5102.096774;11047.09677
HF;2101;21;1;0;192.8387097;4;5460;4942.548387;5139.387097;11063.12682
HF;2102;21;2;0;205.5714286;4;5460;4969.392857;5178.964286;11063.50538
HF;2103;21;3;0;218.2903226;4;5460;4996.16129;5218.451613;11063.79408
HF;2104;21;4;0;231.3666667;4;5460;5024;5259.366667;11064.18174
HF;2105;21;5;0;244.483871;4;5460;5051.741935;5300.225806;11064.51348
HF;2106;21;6;0;257.6333333;4;5460;5079.466667;5341.1;11064.86027
HF;2107;21;7;0;270.7096774;4;5460;5107.16129;5381.870968;11065.10384
HF;2108;21;8;0;284.0967742;4;5460;5135.354839;5423.451613;11065.49271
HF;2109;21;9;0;297.2;4;5460;5163.1;5464.3;11065.8137
HF;2110;21;10;0;310.2903226;4;5460;5190.935484;5505.225806;11066.21211
IDF;1301;13;1;500;61.03225806;20;0;19;100.0322581;600.0322581
IDF;1302;13;2;500;62;20;0;19;101;601
IDF;1303;13;3;500;62;20;0;19;101;601
IDF;1304;13;4;500;62.96666667;20;0;19;101.9666667;601.9666667
IDF;1305;13;5;500;63;20;0;19;102;602
IDF;1306;13;6;500;63.96666667;20;0;19;102.9666667;602.9666667
IDF;1307;13;7;500;64;20;0;19;103;603
IDF;1308;13;8;500;65;20;0;19;104;604
IDF;1309;13;9;500;65;20;0;19;104;604
IDF;1310;13;10;500;66;20;0;19;105;605
IDF;1311;13;11;500;66;20;0;19;105;605
IDF;1312;13;12;500;67;20;0;19;106;606
IDF;1401;14;1;500;67.16129032;20;0;19;106.1612903;606.1612903
IDF;1402;14;2;500;68;20;0;19;107;607
IDF;1403;14;3;500;68.38709677;20;0;19;107.3870968;607.3870968
IDF;1404;14;4;500;69;20;0;19;108;608
IDF;1405;14;5;500;69.67741935;20;0;19;108.6774194;608.6774194
IDF;1406;14;6;500;70;20;0;19;109;609
IDF;1407;14;7;500;70.96774194;20;0;19;109.9677419;609.9677419
IDF;1408;14;8;500;71.29032258;20;0;19;110.2903226;610.2903226
IDF;1409;14;9;500;72;20;0;19;111;611
IDF;1410;14;10;500;72.58064516;20;0;19;111.5806452;611.5806452
IDF;1411;14;11;500;73;20;0;19;112;612
IDF;1412;14;12;500;73.87096774;20;0;19;112.8709677;612.8709677
IDF;1501;15;1;500;74;20;0;20.06451613;114.0645161;614.0645161
IDF;1502;15;2;500;74.82142857;20;0;21.96428571;116.7857143;616.7857143
IDF;1503;15;3;500;75;20;0;23.93548387;118.9354839;618.9354839
IDF;1504;15;4;500;75.36666667;20;0;25.93333333;121.3;621.3
IDF;1505;15;5;500;76;20;0;27.93548387;123.9354839;623.9354839
IDF;1506;15;6;500;76;20;0;29.96666667;125.9666667;625.9666667
IDF;1507;15;7;500;76.96774194;20;0;31.93548387;128.9032258;628.9032258
IDF;1508;15;8;500;77;20;0;34;131;631
IDF;1509;15;9;500;77.6;20;0;36;133.6;633.6
IDF;1510;15;10;500;78;20;0;38;136;636
IDF;1511;15;11;500;78.2;20;0;40.03333333;138.2333333;638.2333333
IDF;1512;15;12;500;79;20;0;42;141;641
IDF;1601;16;1;478.1420765;79;20;0;43;142;642
IDF;1602;16;2;437.1584699;79.82758621;20;0;43;142.8275862;642.8275862
IDF;1603;16;3;396.1748634;80;20;0;43;143;643
IDF;1604;16;4;354.5081967;80.4;20;0;43;143.4;643.4
IDF;1605;16;5;312.8415301;81;20;0;43;144;644
IDF;1606;16;6;271.1748634;81;20;0;43;144;644
IDF;1607;16;7;229.5081967;82;20;0;43;145;645
IDF;1608;16;8;187.1584699;82;20;0;43;145;645
IDF;1609;16;9;145.4918033;82.6;20;0;43;145.6;645.6
IDF;1610;16;10;103.8251366;83;20;0;43;146;646
IDF;1611;16;11;62.15846995;83.2;20;0;43;146.2;646.2
IDF;1612;16;12;20.49180328;84;20;0;43;147;647
IDF;1701;17;1;0;84.16129032;20;0;44.16129032;148.3225806;648.3225806
IDF;1702;17;2;0;85;20;0;46.35714286;151.3571429;651.3571429
IDF;1703;17;3;0;85.38709677;20;0;48.58064516;153.9677419;653.9677419
IDF;1704;17;4;0;86;20;0;50.83333333;156.8333333;656.8333333
IDF;1705;17;5;0;86.67741935;20;0;53.06451613;159.7419355;659.7419355
IDF;1706;17;6;0;87;20;0;55.3;162.3;662.3
IDF;1707;17;7;0;87.96774194;20;0;57.58064516;165.5483871;665.5483871
IDF;1708;17;8;0;88.29032258;20;0;59.87096774;168.1612903;668.1612903
IDF;1709;17;9;0;89;20;0;62.1;171.1;671.1
IDF;1710;17;10;0;89.58064516;20;0;64.32258065;173.9032258;673.9032258
IDF;1711;17;11;0;90;20;0;66.66666667;176.6666667;676.6666667
IDF;1712;17;12;0;90.87096774;20;0;68.90322581;179.7741935;679.7741935
IDF;1801;18;1;0;91.29032258;20;0;70;181.2903226;681.2903226
IDF;1802;18;2;0;92;20;0;70;182;682
IDF;1803;18;3;0;92.70967742;20;0;70;182.7096774;682.7096774
IDF;1804;18;4;0;93.2;20;0;70;183.2;683.2
IDF;1805;18;5;0;94;20;0;70;184;684
IDF;1806;18;6;0;94.73333333;20;0;70;184.7333333;684.7333333
IDF;1807;18;7;0;95.22580645;20;0;70;185.2258065;685.2258065
IDF;1808;18;8;0;96;20;0;70;186;686
IDF;1809;18;9;0;96.76666667;20;0;70;186.7666667;686.7666667
IDF;1810;18;10;0;97.25806452;20;0;70;187.2580645;687.2580645
IDF;1811;18;11;0;98;20;0;70;188;688
IDF;1812;18;12;0;98.74193548;20;0;70;188.7419355;688.7419355
IDF;1901;19;1;0;100.0645161;20;0;70.80645161;190.8709677;690.8709677
IDF;1902;19;2;0;101.9642857;20;0;72.39285714;194.3571429;694.3571429
IDF;1903;19;3;0;103.9354839;20;0;73.87096774;197.8064516;697.8064516
IDF;1904;19;4;0;105.9333333;20;0;75.5;201.4333333;701.4333333
IDF;1905;19;5;0;107.9354839;20;0;77.09677419;205.0322581;705.0322581
IDF;1906;19;6;0;109.9666667;20;0;78.6;208.5666667;708.5666667
IDF;1907;19;7;0;111.9354839;20;0;80.32258065;212.2580645;712.2580645
IDF;1908;19;8;0;114;20;0;81.83870968;215.8387097;715.8387097
IDF;1909;19;9;0;116;20;0;83.46666667;219.4666667;719.4666667
IDF;1910;19;10;0;118;20;0;85.06451613;223.0645161;723.0645161
IDF;1911;19;11;0;120.0333333;20;0;86.6;226.6333333;726.6333333
IDF;1912;19;12;0;122;20;0;88.25806452;230.2580645;730.2580645
IDF;2001;20;1;0;124.1935484;20;0;89.67741935;233.8709677;733.8709677
IDF;2002;20;2;0;126.5517241;20;0;91.20689655;237.7586207;737.7586207
IDF;2003;20;3;0;128.8709677;20;0;92.51612903;241.3870968;741.3870968
IDF;2004;20;4;0;131.1;20;0;93.93333333;245.0333333;745.0333333
IDF;2005;20;5;0;133.4516129;20;0;95.41935484;248.8709677;748.8709677
IDF;2006;20;6;0;135.8333333;20;0;96.7;252.5333333;752.5333333
IDF;2007;20;7;0;138.1290323;20;0;98.29032258;256.4193548;756.4193548
IDF;2008;20;8;0;140.5483871;20;0;99.58064516;260.1290323;760.1290323
IDF;2009;20;9;0;142.9;20;0;101.0666667;263.9666667;763.9666667
IDF;2010;20;10;0;145.1290323;20;0;102.483871;267.6129032;767.6129032
IDF;2011;20;11;0;147.5;20;0;103.8333333;271.3333333;771.3333333
IDF;2012;20;12;0;149.8709677;20;0;105.3548387;275.2258065;775.2258065
IDF;2101;21;1;0;152.6451613;20;0;106.9032258;279.5483871;757.6305789
IDF;2102;21;2;0;155.6071429;20;0;108.5714286;284.1785714;721.8498043
IDF;2103;21;3;0;158.6129032;20;0;110.3548387;288.9677419;686.2280159
IDF;2104;21;4;0;161.7;20;0;112.1;293.8;649.2794521
IDF;2105;21;5;0;164.7419355;20;0;113.8064516;298.5483871;612.2470172
IDF;2106;21;6;0;167.9;20;0;115.5333333;303.4333333;575.3511416
IDF;2107;21;7;0;170.9354839;20;0;117.3870968;308.3225806;538.4595669
IDF;2108;21;8;0;174.1612903;20;0;119.1290323;313.2903226;500.9615555
IDF;2109;21;9;0;177.2;20;0;120.8333333;318.0333333;463.9237443
IDF;2110;21;10;0;180.2903226;20;0;122.5806452;322.8709677;426.9805568
N;1301;13;1;1575;87.58064516;38;10520;455.6774194;581.2580645;12676.25806
N;1302;13;2;1575;88.71428571;38;10520;457.1785714;583.8928571;12678.89286
N;1303;13;3;1575;89.80645161;38;10520;458.483871;586.2903226;12681.29032
N;1304;13;4;1575;91.06666667;38;10520;459.8666667;588.9333333;12683.93333
N;1305;13;5;1575;92.25806452;38;10520;461.3870968;591.6451613;12686.64516
N;1306;13;6;1575;93.4;38;10520;462.6666667;594.0666667;12689.06667
N;1307;13;7;1575;94.5483871;38;10520;464.2580645;596.8064516;12691.80645
N;1308;13;8;1575;95.70967742;38;10520;465.5806452;599.2903226;12694.29032
N;1309;13;9;1575;96.86666667;38;10520;467.0666667;601.9333333;12696.93333
N;1310;13;10;1575;98.16129032;38;10520;468.483871;604.6451613;12699.64516
N;1311;13;11;1575;99.3;38;10520;469.8333333;607.1333333;12702.13333
N;1312;13;12;1575;100.4516129;38;10520;471.3548387;609.8064516;12704.80645
N;1401;14;1;1537.739726;101.3548387;38;10520;474.0967742;613.4516129;12708.45161
N;1402;14;2;1469.041096;102;38;10520;477.9642857;617.9642857;12712.96429
N;1403;14;3;1400.342466;102.9677419;38;10520;481.8709677;622.8387097;12717.83871
N;1404;14;4;1329.315069;103.6333333;38;10520;485.8666667;627.5;12722.5
N;1405;14;5;1258.287671;104.3225806;38;10520;489.8709677;632.1935484;12727.19355
N;1406;14;6;1187.260274;105;38;10520;493.9;636.9;12731.9
N;1407;14;7;1116.232877;105.9677419;38;10520;497.9032258;641.8709677;12736.87097
N;1408;14;8;1044.041096;106.6451613;38;10520;502;646.6451613;12741.64516
N;1409;14;9;973.0136987;107.3333333;38;10520;506;651.3333333;12746.33333
N;1410;14;10;901.9863014;108;38;10520;510;656;12751
N;1411;14;11;830.9589041;109;38;10520;514.0333333;661.0333333;12756.03333
N;1412;14;12;759.9315068;109.6774194;38;10520;518.0322581;665.7096774;12760.70968
N;1501;15;1;719.5205479;110.0322581;38;10520;522.0645161;670.0967742;12765.09677
N;1502;15;2;709.4178082;111;38;10520;525.8571429;674.8571429;12769.85714
N;1503;15;3;699.3150685;111;38;10520;529.6451613;678.6451613;12773.64516
N;1504;15;4;688.869863;111.9666667;38;10520;533.5666667;683.5333333;12778.53333
N;1505;15;5;678.4246575;112;38;10520;537.516129;687.516129;12782.51613
N;1506;15;6;667.9794521;112.9666667;38;10520;541.4666667;692.4333333;12787.43333
N;1507;15;7;657.5342466;113;38;10520;545.3548387;696.3548387;12791.35484
N;1508;15;8;646.9178082;114;38;10520;549.3548387;701.3548387;12796.35484
N;1509;15;9;636.4726027;114;38;10520;553.3;705.3;12800.3
N;1510;15;10;626.0273973;115;38;10520;557.2258065;710.2258065;12805.22581
N;1511;15;11;615.5821918;115;38;10520;561.1333333;714.1333333;12809.13333
N;1512;15;12;605.1369863;116;38;10520;565.0645161;719.0645161;12814.06452
N;1601;16;1;600;116.1612903;38;10520;570.2903226;724.4516129;12819.45161
N;1602;16;2;600;117;38;10520;576.5517241;731.5517241;12826.55172
N;1603;16;3;600;117.4193548;38;10520;582.7741935;738.1935484;12833.19355
N;1604;16;4;600;118;38;10520;589.1333333;745.1333333;12840.13333
N;1605;16;5;600;118.7096774;38;10520;595.4516129;752.1612903;12847.16129
N;1606;16;6;600;119;38;10520;601.8;758.8;12853.8
N;1607;16;7;600;120;38;10520;608.0967742;766.0967742;12861.09677
N;1608;16;8;600;120.2903226;38;10520;614.5483871;772.8387097;12867.83871
N;1609;16;9;600;121;38;10520;620.8666667;779.8666667;12874.86667
N;1610;16;10;600;121.5806452;38;10520;627.2258065;786.8064516;12881.80645
N;1611;16;11;600;122;38;10520;633.5666667;793.5666667;12888.56667
N;1612;16;12;600;122.8709677;38;10520;639.9032258;800.7741935;12895.77419
N;1701;17;1;600;123.2903226;38;10520;646.6451613;807.9354839;12902.93548
N;1702;17;2;600;124;38;10520;653.3571429;815.3571429;12910.35714
N;1703;17;3;600;124.7096774;38;10520;660.0645161;822.7741935;12917.77419
N;1704;17;4;600;125.2;38;10520;667;830.2;12925.2
N;1705;17;5;600;126;38;10520;673.9354839;837.9354839;12932.93548
N;1706;17;6;600;126.7333333;38;10520;680.8666667;845.6;12940.6
N;1707;17;7;600;127.2258065;38;10520;687.8064516;853.0322581;12948.03226
N;1708;17;8;600;128;38;10520;694.8387097;860.8387097;12955.83871
N;1709;17;9;600;128.7666667;38;10520;701.7666667;868.5333333;12963.53333
N;1710;17;10;600;129.2580645;38;10520;708.7096774;875.9677419;12970.96774
N;1711;17;11;600;130;38;10520;715.6333333;883.6333333;12978.63333
N;1712;17;12;600;130.7419355;38;10520;722.5806452;891.3225806;12986.32258
N;1801;18;1;600;131.9677419;38;10520;730.2258065;900.1935484;12995.19355
N;1802;18;2;600;133.6785714;38;10520;737.9642857;909.6428571;13004.64286
N;1803;18;3;600;135.516129;38;10520;745.7419355;919.2580645;13014.25806
N;1804;18;4;600;137.4;38;10520;753.7666667;929.1666667;13024.16667
N;1805;18;5;600;139.1935484;38;10520;761.7741935;938.9677419;13033.96774
N;1806;18;6;600;141.0333333;38;10520;769.8333333;948.8666667;13043.86667
N;1807;18;7;600;142.8709677;38;10520;777.7741935;958.6451613;13053.64516
N;1808;18;8;600;144.7419355;38;10520;785.9677419;968.7096774;13063.70968
N;1809;18;9;600;146.5333333;38;10520;793.9666667;978.5;13073.5
N;1810;18;10;600;148.4516129;38;10520;802;988.4516129;13083.45161
N;1811;18;11;600;150.3;38;10520;810.0333333;998.3333333;13093.33333
N;1812;18;12;600;152.0967742;38;10520;818.0322581;1008.129032;13103.12903
N;1901;19;1;600;154.0967742;38;10520;822.5806452;1014.677419;13109.67742
N;1902;19;2;600;156.1071429;38;10520;823.7142857;1017.821429;13112.82143
N;1903;19;3;600;158.1290323;38;10520;824.8064516;1020.935484;13115.93548
N;1904;19;4;600;160.2333333;38;10520;826.0666667;1024.3;13119.3
N;1905;19;5;600;162.2903226;38;10520;827.2580645;1027.548387;13122.54839
N;1906;19;6;600;164.4;38;10520;828.4;1030.8;13125.8
N;1907;19;7;600;166.483871;38;10520;829.5483871;1034.032258;13129.03226
N;1908;19;8;600;168.6451613;38;10520;830.7096774;1037.354839;13132.35484
N;1909;19;9;600;170.7;38;10520;831.8666667;1040.566667;13135.56667
N;1910;19;10;600;172.8064516;38;10520;833.1612903;1043.967742;13138.96774
N;1911;19;11;600;174.9;38;10520;834.3;1047.2;13142.2
N;1912;19;12;600;176.9677419;38;10520;835.4516129;1050.419355;13145.41935
N;2001;20;1;600;178.483871;38;10520;837.0322581;1053.516129;13148.51613
N;2002;20;2;600;179.3793103;38;10520;838.8965517;1056.275862;13151.27586
N;2003;20;3;600;180.2580645;38;10520;840.7741935;1059.032258;13154.03226
N;2004;20;4;600;181.1666667;38;10520;842.6666667;1061.833333;13156.83333
N;2005;20;5;600;182.0967742;38;10520;844.5806452;1064.677419;13159.67742
N;2006;20;6;600;183;38;10520;846.5;1067.5;13162.5
N;2007;20;7;600;184;38;10520;848.483871;1070.483871;13165.48387
N;2008;20;8;600;184.9032258;38;10520;850.4193548;1073.322581;13168.32258
N;2009;20;9;600;185.8333333;38;10520;852.3333333;1076.166667;13171.16667
N;2010;20;10;600;186.7419355;38;10520;854.2258065;1078.967742;13173.96774
N;2011;20;11;600;187.6333333;38;10520;856.1333333;1081.766667;13176.76667
N;2012;20;12;600;188.5483871;38;10520;858.0322581;1084.580645;13179.58065
N;2101;21;1;600;191.2903226;38;10520;861.4516129;1090.741935;13116.70084
N;2102;21;2;600;195.6428571;38;10520;866;1099.642857;12998.30724
N;2103;21;3;600;199.8709677;38;10520;870.5483871;1108.419355;12879.78922
N;2104;21;4;600;204.3333333;38;10520;875.1333333;1117.466667;12757.22694
N;2105;21;5;600;208.7419355;38;10520;879.8709677;1126.612903;12634.76359
N;2106;21;6;600;213.2;38;10520;884.5333333;1135.733333;12512.27443
N;2107;21;7;600;217.5806452;38;10520;889.2258065;1144.806452;12389.73796
N;2108;21;8;600;222.1290323;38;10520;894;1154.129032;12265.29342
N;2109;21;9;600;226.5;38;10520;898.7;1163.2;12142.75479
N;2110;21;10;600;231;38;10520;903.2903226;1172.290323;12020.23553
NlleA;1301;13;1;0;673.7419355;1764;6630;344.8064516;2782.548387;9412.548387
NlleA;1302;13;2;0;682.4285714;1764;6630;348.25;2794.678571;9424.678571
NlleA;1303;13;3;0;691.1935484;1764;6630;351.6129032;2806.806452;9436.806452
NlleA;1304;13;4;0;700.2333333;1764;6630;355.1666667;2819.4;9449.4
NlleA;1305;13;5;0;709.2258065;1764;6630;358.6129032;2831.83871;9461.83871
NlleA;1306;13;6;0;718.2666667;1764;6630;362.1666667;2844.433333;9474.433333
NlleA;1307;13;7;0;727.2903226;1764;6630;365.6451613;2856.935484;9486.935484
NlleA;1308;13;8;0;736.483871;1764;6630;369.2903226;2869.774194;9499.774194
NlleA;1309;13;9;0;745.4666667;1764;6630;372.7;2882.166667;9512.166667
NlleA;1310;13;10;0;754.516129;1764;6630;376.2903226;2894.806452;9524.806452
NlleA;1311;13;11;0;763.5666667;1764;6630;379.7333333;2907.3;9537.3
NlleA;1312;13;12;0;772.5483871;1764;6630;383.3225806;2919.870968;9549.870968
NlleA;1401;14;1;0;793;1764;6630;389.2903226;2946.290323;9576.290323
NlleA;1402;14;2;0;822.5;1764;6630;397.2142857;2983.714286;9613.714286
NlleA;1403;14;3;0;852;1764;6630;405.1290323;3021.129032;9651.129032
NlleA;1404;14;4;0;882.5;1764;6630;413.3333333;3059.833333;9689.833333
NlleA;1405;14;5;0;913;1764;6630;421.516129;3098.516129;9728.516129
NlleA;1406;14;6;0;943.5;1764;6630;429.7;3137.2;9767.2
NlleA;1407;14;7;0;974;1764;6630;437.9032258;3175.903226;9805.903226
NlleA;1408;14;8;0;1005;1764;6630;446.1935484;3215.193548;9845.193548
NlleA;1409;14;9;0;1035.5;1764;6630;454.4;3253.9;9883.9
NlleA;1410;14;10;0;1066;1764;6630;462.6129032;3292.612903;9922.612903
NlleA;1411;14;11;0;1096.5;1764;6630;470.8;3331.3;9961.3
NlleA;1412;14;12;0;1127;1764;6630;478.9677419;3369.967742;9999.967742
NlleA;1501;15;1;0;1161.774194;1764;6630;486.1935484;3411.967742;10041.96774
NlleA;1502;15;2;0;1198.357143;1764;6630;492.1071429;3454.464286;10084.46429
NlleA;1503;15;3;0;1234.83871;1764;6630;498;3496.83871;10126.83871
NlleA;1504;15;4;0;1272.666667;1764;6630;504.1;3540.766667;10170.76667
NlleA;1505;15;5;0;1310.451613;1764;6630;510.1935484;3584.645161;10214.64516
NlleA;1506;15;6;0;1348.166667;1764;6630;516.3;3628.466667;10258.46667
NlleA;1507;15;7;0;1385.967742;1764;6630;522.3870968;3672.354839;10302.35484
NlleA;1508;15;8;0;1424.322581;1764;6630;528.6129032;3716.935484;10346.93548
NlleA;1509;15;9;0;1462.1;1764;6630;534.7;3760.8;10390.8
NlleA;1510;15;10;0;1499.903226;1764;6630;540.8064516;3804.709677;10434.70968
NlleA;1511;15;11;0;1537.666667;1764;6630;546.9;3848.566667;10478.56667
NlleA;1512;15;12;0;1575.451613;1764;6630;553;3892.451613;10522.45161
NlleA;1601;16;1;0;1600.129032;1764;6630;561.8064516;3925.935484;10555.93548
NlleA;1602;16;2;0;1611.62069;1764;6630;572.7241379;3948.344828;10578.34483
NlleA;1603;16;3;0;1623.064516;1764;6630;583.6451613;3970.709677;10600.70968
NlleA;1604;16;4;0;1634.733333;1764;6630;594.7333333;3993.466667;10623.46667
NlleA;1605;16;5;0;1646.387097;1764;6630;605.8064516;4016.193548;10646.19355
NlleA;1606;16;6;0;1658.066667;1764;6630;616.9;4038.966667;10668.96667
NlleA;1607;16;7;0;1669.741935;1764;6630;627.9354839;4061.677419;10691.67742
NlleA;1608;16;8;0;1681.612903;1764;6630;639.1935484;4084.806452;10714.80645
NlleA;1609;16;9;0;1693.266667;1764;6630;650.2666667;4107.533333;10737.53333
NlleA;1610;16;10;0;1704.935484;1764;6630;661.3548387;4130.290323;10760.29032
NlleA;1611;16;11;0;1716.566667;1764;6630;672.4666667;4153.033333;10783.03333
NlleA;1612;16;12;0;1728.258065;1764;6630;683.5483871;4175.806452;10805.80645
NlleA;1701;17;1;0;1747.741935;1764;6630;696.2903226;4208.032258;10838.03226
NlleA;1702;17;2;0;1773;1764;6630;709.8571429;4246.857143;10876.85714
NlleA;1703;17;3;0;1798.258065;1764;6630;723.2903226;4285.548387;10915.54839
NlleA;1704;17;4;0;1824.433333;1764;6630;737.2666667;4325.7;10955.7
NlleA;1705;17;5;0;1850.580645;1764;6630;751.2258065;4365.806452;10995.80645
NlleA;1706;17;6;0;1876.7;1764;6630;765.1666667;4405.866667;11035.86667
NlleA;1707;17;7;0;1903;1764;6630;779.1612903;4446.16129;11076.16129
NlleA;1708;17;8;0;1929.580645;1764;6630;793.2903226;4486.870968;11116.87097
NlleA;1709;17;9;0;1955.7;1764;6630;807.3;4527;11157
NlleA;1710;17;10;0;1981.870968;1764;6630;821.2258065;4567.096774;11197.09677
NlleA;1711;17;11;0;2008;1764;6630;835.1666667;4607.166667;11237.16667
NlleA;1712;17;12;0;2034.129032;1764;6630;849.1612903;4647.290323;11277.29032
NlleA;1801;18;1;0;2056.483871;1764;6630;860.3548387;4680.83871;11310.83871
NlleA;1802;18;2;0;2073.928571;1764;6630;868.3214286;4706.25;11336.25
NlleA;1803;18;3;0;2091.387097;1764;6630;876.3548387;4731.741935;11361.74194
NlleA;1804;18;4;0;2109.433333;1764;6630;884.6;4758.033333;11388.03333
NlleA;1805;18;5;0;2127.483871;1764;6630;892.9032258;4784.387097;11414.3871
NlleA;1806;18;6;0;2145.566667;1764;6630;901.1333333;4810.7;11440.7
NlleA;1807;18;7;0;2163.548387;1764;6630;909.4516129;4837;11467
NlleA;1808;18;8;0;2181.935484;1764;6630;917.8387097;4863.774194;11493.77419
NlleA;1809;18;9;0;2199.966667;1764;6630;926.1333333;4890.1;11520.1
NlleA;1810;18;10;0;2218.032258;1764;6630;934.3548387;4916.387097;11546.3871
NlleA;1811;18;11;0;2236.066667;1764;6630;942.7;4942.766667;11572.76667
NlleA;1812;18;12;0;2254.096774;1764;6630;950.9032258;4969;11599
NlleA;1901;19;1;0;2277.064516;1764;6630;959.1290323;5000.193548;11630.19355
NlleA;1902;19;2;0;2302.892857;1764;6630;966.7142857;5033.607143;11663.60714
NlleA;1903;19;3;0;2328.741935;1764;6630;974.3225806;5067.064516;11697.06452
NlleA;1904;19;4;0;2355.5;1764;6630;982.1666667;5101.666667;11731.66667
NlleA;1905;19;5;0;2382.225806;1764;6630;990.0322581;5136.258065;11766.25806
NlleA;1906;19;6;0;2409;1764;6630;997.8666667;5170.866667;11800.86667
NlleA;1907;19;7;0;2435.677419;1764;6630;1005.741935;5205.419355;11835.41935
NlleA;1908;19;8;0;2462.903226;1764;6630;1013.709677;5240.612903;11870.6129
NlleA;1909;19;9;0;2489.633333;1764;6630;1021.566667;5275.2;11905.2
NlleA;1910;19;10;0;2516.387097;1764;6630;1029.419355;5309.806452;11939.80645
NlleA;1911;19;11;0;2543.1;1764;6630;1037.3;5344.4;11974.4
NlleA;1912;19;12;0;2569.806452;1764;6630;1045.129032;5378.935484;12008.93548
NlleA;2001;20;1;0;2590.419355;1764;6630;1054.645161;5409.064516;12039.06452
NlleA;2002;20;2;0;2604.37931;1764;6630;1065.206897;5433.586207;12063.58621
NlleA;2003;20;3;0;2618.290323;1764;6630;1075.806452;5458.096774;12088.09677
NlleA;2004;20;4;0;2632.466667;1764;6630;1086.533333;5483;12113
NlleA;2005;20;5;0;2646.645161;1764;6630;1097.290323;5507.935484;12137.93548
NlleA;2006;20;6;0;2660.8;1764;6630;1108.033333;5532.833333;12162.83333
NlleA;2007;20;7;0;2674.967742;1764;6630;1118.806452;5557.774194;12187.77419
NlleA;2008;20;8;0;2689.354839;1764;6630;1129.709677;5583.064516;12213.06452
NlleA;2009;20;9;0;2703.533333;1764;6630;1140.466667;5608;12238
NlleA;2010;20;10;0;2717.709677;1764;6630;1151.225806;5632.935484;12262.93548
NlleA;2011;20;11;0;2731.866667;1764;6630;1161.966667;5657.833333;12287.83333
NlleA;2012;20;12;0;2746.032258;1764;6630;1172.709677;5682.741935;12312.74194
NlleA;2101;21;1;0;2775.387097;1764;6630;1183.870968;5723.258065;12353.25806
NlleA;2102;21;2;0;2816.714286;1764;6630;1194.714286;5775.428571;12405.42857
NlleA;2103;21;3;0;2858;1764;6630;1205.516129;5827.516129;12457.51613
NlleA;2104;21;4;0;2900.7;1764;6630;1216.733333;5881.433333;12511.43333
NlleA;2105;21;5;0;2943.387097;1764;6630;1227.903226;5935.290323;12565.29032
NlleA;2106;21;6;0;2986.1;1764;6630;1239.133333;5989.233333;12619.23333
NlleA;2107;21;7;0;3028.806452;1764;6630;1250.322581;6043.129032;12673.12903
NlleA;2108;21;8;0;3072.193548;1764;6630;1261.709677;6097.903226;12727.90323
NlleA;2109;21;9;0;3114.9;1764;6630;1272.9;6151.8;12781.8
NlleA;2110;21;10;0;3157.612903;1764;6630;1284.129032;6205.741935;12835.74194
O;1301;13;1;0;758.7419355;5396;2620;857.8387097;7012.580645;9632.580645
O;1302;13;2;0;773.5;5396;2620;859.5;7029;9649
O;1303;13;3;0;788.2580645;5396;2620;861.1290323;7045.387097;9665.387097
O;1304;13;4;0;803.5;5396;2620;862.7333333;7062.233333;9682.233333
O;1305;13;5;0;818.2580645;5396;2620;864.483871;7078.741935;9698.741935
O;1306;13;6;0;833.5;5396;2620;866.1333333;7095.633333;9715.633333
O;1307;13;7;0;848.7419355;5396;2620;867.7741935;7112.516129;9732.516129
O;1308;13;8;0;864.2580645;5396;2620;869.483871;7129.741935;9749.741935
O;1309;13;9;0;879;5396;2620;871.2;7146.2;9766.2
O;1310;13;10;0;894.2580645;5396;2620;872.8064516;7163.064516;9783.064516
O;1311;13;11;0;909.5;5396;2620;874.5;7180;9800
O;1312;13;12;0;924.7419355;5396;2620;876.2258065;7196.967742;9816.967742
O;1401;14;1;0;940.2580645;5396;2620;879.483871;7215.741935;9835.741935
O;1402;14;2;0;955;5396;2620;884.0714286;7235.071429;9855.071429
O;1403;14;3;0;969.7419355;5396;2620;888.7096774;7254.451613;9874.451613
O;1404;14;4;0;985;5396;2620;893.4666667;7274.466667;9894.466667
O;1405;14;5;0;1000.741935;5396;2620;898.2258065;7294.967742;9914.967742
O;1406;14;6;0;1016;5396;2620;903;7315;9935
O;1407;14;7;0;1031.258065;5396;2620;907.7741935;7335.032258;9955.032258
O;1408;14;8;0;1046.741935;5396;2620;912.6129032;7355.354839;9975.354839
O;1409;14;9;0;1062.5;5396;2620;917.3666667;7375.866667;9995.866667
O;1410;14;10;0;1077.741935;5396;2620;922.1290323;7395.870968;10015.87097
O;1411;14;11;0;1093;5396;2620;926.9333333;7415.933333;10035.93333
O;1412;14;12;0;1108.258065;5396;2620;931.6774194;7435.935484;10055.93548
O;1501;15;1;0;1123.129032;5396;2620;938.5806452;7457.709677;10077.70968
O;1502;15;2;0;1136.321429;5396;2620;947;7479.321429;10099.32143
O;1503;15;3;0;1149.483871;5396;2620;955.4193548;7500.903226;10120.90323
O;1504;15;4;0;1163.133333;5396;2620;964;7523.133333;10143.13333
O;1505;15;5;0;1176.741935;5396;2620;972.7096774;7545.451613;10165.45161
O;1506;15;6;0;1190.333333;5396;2620;981.4333333;7567.766667;10187.76667
O;1507;15;7;0;1204;5396;2620;990.1290323;7590.129032;10210.12903
O;1508;15;8;0;1217.806452;5396;2620;999;7612.806452;10232.80645
O;1509;15;9;0;1231.433333;5396;2620;1007.733333;7635.166667;10255.16667
O;1510;15;10;0;1245.064516;5396;2620;1016.290323;7657.354839;10277.35484
O;1511;15;11;0;1258.666667;5396;2620;1025;7679.666667;10299.66667
O;1512;15;12;0;1272.322581;5396;2620;1033.709677;7702.032258;10322.03226
O;1601;16;1;0;1287.741935;5396;2620;1043.548387;7727.290323;10347.29032
O;1602;16;2;0;1304;5396;2620;1053.931034;7753.931034;10373.93103
O;1603;16;3;0;1320.290323;5396;2620;1064.387097;7780.677419;10400.67742
O;1604;16;4;0;1336.933333;5396;2620;1074.966667;7807.9;10427.9
O;1605;16;5;0;1353.483871;5396;2620;1085.516129;7835;10455
O;1606;16;6;0;1370.066667;5396;2620;1096.1;7862.166667;10482.16667
O;1607;16;7;0;1386.677419;5396;2620;1106.741935;7889.419355;10509.41935
O;1608;16;8;0;1403.516129;5396;2620;1117.483871;7917;10537
O;1609;16;9;0;1420.066667;5396;2620;1128.033333;7944.1;10564.1
O;1610;16;10;0;1436.709677;5396;2620;1138.612903;7971.322581;10591.32258
O;1611;16;11;0;1453.266667;5396;2620;1149.233333;7998.5;10618.5
O;1612;16;12;0;1469.806452;5396;2620;1159.806452;8025.612903;10645.6129
O;1701;17;1;0;1484.064516;5396;2620;1175.258065;8055.322581;10675.32258
O;1702;17;2;0;1495.107143;5396;2620;1194.178571;8085.285714;10705.28571
O;1703;17;3;0;1506.193548;5396;2620;1213.064516;8115.258065;10735.25806
O;1704;17;4;0;1517.633333;5396;2620;1232.633333;8146.266667;10766.26667
O;1705;17;5;0;1529.064516;5396;2620;1252.193548;8177.258065;10797.25806
O;1706;17;6;0;1540.5;5396;2620;1271.7;8208.2;10828.2
O;1707;17;7;0;1551.935484;5396;2620;1291.322581;8239.258065;10859.25806
O;1708;17;8;0;1563.548387;5396;2620;1311.193548;8270.741935;10890.74194
O;1709;17;9;0;1575;5396;2620;1330.7;8301.7;10921.7
O;1710;17;10;0;1586.451613;5396;2620;1350.290323;8332.741935;10952.74194
O;1711;17;11;0;1597.866667;5396;2620;1369.833333;8363.7;10983.7
O;1712;17;12;0;1609.322581;5396;2620;1389.387097;8394.709677;11014.70968
O;1801;18;1;0;1623.741935;5396;2620;1404.548387;8424.290323;11044.29032
O;1802;18;2;0;1639.821429;5396;2620;1414.821429;8450.642857;11070.64286
O;1803;18;3;0;1655.903226;5396;2620;1425.096774;8477;11097
O;1804;18;4;0;1672.533333;5396;2620;1435.7;8504.233333;11124.23333
O;1805;18;5;0;1689.193548;5396;2620;1446.290323;8531.483871;11151.48387
O;1806;18;6;0;1705.833333;5396;2620;1456.933333;8558.766667;11178.76667
O;1807;18;7;0;1722.354839;5396;2620;1467.548387;8585.903226;11205.90323
O;1808;18;8;0;1739.258065;5396;2620;1478.354839;8613.612903;11233.6129
O;1809;18;9;0;1755.933333;5396;2620;1488.966667;8640.9;11260.9
O;1810;18;10;0;1772.548387;5396;2620;1499.548387;8668.096774;11288.09677
O;1811;18;11;0;1789.166667;5396;2620;1510.166667;8695.333333;11315.33333
O;1812;18;12;0;1805.806452;5396;2620;1520.806452;8722.612903;11342.6129
O;1901;19;1;0;1822.741935;5396;2620;1530.580645;8749.322581;11369.32258
O;1902;19;2;0;1838.821429;5396;2620;1539;8773.821429;11393.82143
O;1903;19;3;0;1854.903226;5396;2620;1547.419355;8798.322581;11418.32258
O;1904;19;4;0;1871.533333;5396;2620;1556;8823.533333;11443.53333
O;1905;19;5;0;1888.193548;5396;2620;1564.709677;8848.903226;11468.90323
O;1906;19;6;0;1904.833333;5396;2620;1573.433333;8874.266667;11494.26667
O;1907;19;7;0;1921.354839;5396;2620;1582.129032;8899.483871;11519.48387
O;1908;19;8;0;1938.258065;5396;2620;1591;8925.258065;11545.25806
O;1909;19;9;0;1954.933333;5396;2620;1599.733333;8950.666667;11570.66667
O;1910;19;10;0;1971.548387;5396;2620;1608.290323;8975.83871;11595.83871
O;1911;19;11;0;1988.166667;5396;2620;1617;9001.166667;11621.16667
O;1912;19;12;0;2004.806452;5396;2620;1625.709677;9026.516129;11646.51613
O;2001;20;1;0;2019.387097;5396;2620;1631.225806;9046.612903;11666.6129
O;2002;20;2;0;2031.413793;5396;2620;1633.689655;9061.103448;11681.10345
O;2003;20;3;0;2043.612903;5396;2620;1636;9075.612903;11695.6129
O;2004;20;4;0;2055.8;5396;2620;1638.433333;9090.233333;11710.23333
O;2005;20;5;0;2068;5396;2620;1640.870968;9104.870968;11724.87097
O;2006;20;6;0;2080.2;5396;2620;1643.233333;9119.433333;11739.43333
O;2007;20;7;0;2092.612903;5396;2620;1645.741935;9134.354839;11754.35484
O;2008;20;8;0;2105;5396;2620;1648.129032;9149.129032;11769.12903
O;2009;20;9;0;2117.2;5396;2620;1650.566667;9163.766667;11783.76667
O;2010;20;10;0;2129.419355;5396;2620;1653;9178.419355;11798.41935
O;2011;20;11;0;2141.8;5396;2620;1655.366667;9193.166667;11813.16667
O;2012;20;12;0;2154;5396;2620;1657.83871;9207.83871;11827.83871
O;2101;21;1;0;2180.290323;5396;2620;1655.709677;9232;11852
O;2102;21;2;0;2217.714286;5396;2620;1649.535714;9263.25;11883.25
O;2103;21;3;0;2255.129032;5396;2620;1643.387097;9294.516129;11914.51613
O;2104;21;4;0;2293.833333;5396;2620;1637.033333;9326.866667;11946.86667
O;2105;21;5;0;2332.516129;5396;2620;1630.709677;9359.225806;11979.22581
O;2106;21;6;0;2371.2;5396;2620;1624.333333;9391.533333;12011.53333
O;2107;21;7;0;2409.903226;5396;2620;1617.967742;9423.870968;12043.87097
O;2108;21;8;0;2449.193548;5396;2620;1611.516129;9456.709677;12076.70968
O;2109;21;9;0;2487.9;5396;2620;1605.166667;9489.066667;12109.06667
O;2110;21;10;0;2526.612903;5396;2620;1598.83871;9521.451613;12141.45161
PACA;1301;13;1;825;535.8709677;3256;0;47;3838.870968;4663.870968
PACA;1302;13;2;825;546.7142857;3256;0;47;3849.714286;4674.714286
PACA;1303;13;3;825;557.516129;3256;0;47;3860.516129;4685.516129
PACA;1304;13;4;825;568.7333333;3256;0;46.03333333;3870.766667;4695.766667
PACA;1305;13;5;825;579.9032258;3256;0;46;3881.903226;4706.903226
PACA;1306;13;6;825;591.1333333;3256;0;46;3893.133333;4718.133333
PACA;1307;13;7;825;602.3225806;3256;0;46;3904.322581;4729.322581
PACA;1308;13;8;825;613.7096774;3256;0;46;3915.709677;4740.709677
PACA;1309;13;9;825;624.9;3256;0;46;3926.9;4751.9
PACA;1310;13;10;825;636.1290323;3256;0;45;3937.129032;4762.129032
PACA;1311;13;11;825;647.3;3256;0;45;3948.3;4773.3
PACA;1312;13;12;825;658.483871;3256;0;45;3959.483871;4784.483871
PACA;1401;14;1;814.9178082;668.483871;3256;0;45;3969.483871;4794.483871
PACA;1402;14;2;796.3287671;676.7142857;3256;0;45;3977.714286;4802.714286
PACA;1403;14;3;777.739726;684.9677419;3256;0;45;3985.967742;4810.967742
PACA;1404;14;4;758.5205479;693.5;3256;0;45.96666667;3995.466667;4820.466667
PACA;1405;14;5;739.3013699;702;3256;0;46;4004;4829
PACA;1406;14;6;720.0821918;710.5333333;3256;0;46;4012.533333;4837.533333
PACA;1407;14;7;700.8630137;719.0322581;3256;0;46;4021.032258;4846.032258
PACA;1408;14;8;681.3287671;727.7419355;3256;0;46;4029.741935;4854.741935
PACA;1409;14;9;662.109589;736.2;3256;0;46;4038.2;4863.2
PACA;1410;14;10;642.890411;744.7741935;3256;0;47;4047.774194;4872.774194
PACA;1411;14;11;623.6712329;753.2666667;3256;0;47;4056.266667;4881.266667
PACA;1412;14;12;604.4520548;761.8064516;3256;0;47;4064.806452;4889.806452
PACA;1501;15;1;595;770.516129;3256;0;47;4073.516129;4898.516129
PACA;1502;15;2;595;778.8571429;3256;0;47;4081.857143;4906.857143
PACA;1503;15;3;595;787.1290323;3256;0;47.96774194;4091.096774;4916.096774
PACA;1504;15;4;595;795.8;3256;0;48;4099.8;4924.8
PACA;1505;15;5;595;804.3870968;3256;0;48;4108.387097;4933.387097
PACA;1506;15;6;595;813;3256;0;48;4117;4942
PACA;1507;15;7;595;821.5806452;3256;0;48.96774194;4126.548387;4951.548387
PACA;1508;15;8;595;830.3225806;3256;0;49;4135.322581;4960.322581
PACA;1509;15;9;595;838.9333333;3256;0;49;4143.933333;4968.933333
PACA;1510;15;10;595;847.5806452;3256;0;49;4152.580645;4977.580645
PACA;1511;15;11;595;856.1333333;3256;0;50;4162.133333;4987.133333
PACA;1512;15;12;595;864.7741935;3256;0;50;4170.774194;4995.774194
PACA;1601;16;1;595;872.2903226;3256;0;50;4178.290323;5003.290323
PACA;1602;16;2;595;878.5517241;3256;0;50;4184.551724;5009.551724
PACA;1603;16;3;595;884.7741935;3256;0;50;4190.774194;5015.774194
PACA;1604;16;4;595;891.1333333;3256;0;50;4197.133333;5022.133333
PACA;1605;16;5;595;897.4516129;3256;0;50;4203.451613;5028.451613
PACA;1606;16;6;595;903.8;3256;0;50;4209.8;5034.8
PACA;1607;16;7;595;910.0967742;3256;0;50;4216.096774;5041.096774
PACA;1608;16;8;595;916.5483871;3256;0;50;4222.548387;5047.548387
PACA;1609;16;9;595;922.8666667;3256;0;50;4228.866667;5053.866667
PACA;1610;16;10;595;929.2258065;3256;0;50;4235.225806;5060.225806
PACA;1611;16;11;595;935.5666667;3256;0;50;4241.566667;5066.566667
PACA;1612;16;12;595;941.9032258;3256;0;50;4247.903226;5072.903226
PACA;1701;17;1;595;952.2258065;3256;0;50;4258.225806;5083.225806
PACA;1702;17;2;595;965.5714286;3256;0;50;4271.571429;5096.571429
PACA;1703;17;3;595;978.9032258;3256;0;50;4284.903226;5109.903226
PACA;1704;17;4;595;992.6666667;3256;0;50;4298.666667;5123.666667
PACA;1705;17;5;595;1006.483871;3256;0;50;4312.483871;5137.483871
PACA;1706;17;6;595;1020.266667;3256;0;50;4326.266667;5151.266667
PACA;1707;17;7;595;1034.064516;3256;0;50;4340.064516;5165.064516
PACA;1708;17;8;595;1048.064516;3256;0;50;4354.064516;5179.064516
PACA;1709;17;9;595;1061.866667;3256;0;50;4367.866667;5192.866667
PACA;1710;17;10;595;1075.645161;3256;0;50;4381.645161;5206.645161
PACA;1711;17;11;595;1089.433333;3256;0;50;4395.433333;5220.433333
PACA;1712;17;12;595;1103.225806;3256;0;50;4409.225806;5234.225806
PACA;1801;18;1;595;1114.967742;3256;0;50;4420.967742;5245.967742
PACA;1802;18;2;595;1124.178571;3256;0;50;4430.178571;5255.178571
PACA;1803;18;3;595;1133.419355;3256;0;50;4439.419355;5264.419355
PACA;1804;18;4;595;1142.933333;3256;0;49.03333333;4447.966667;5272.966667
PACA;1805;18;5;595;1152.483871;3256;0;49;4457.483871;5282.483871
PACA;1806;18;6;595;1162;3256;0;49;4467;5292
PACA;1807;18;7;595;1171.516129;3256;0;49;4476.516129;5301.516129
PACA;1808;18;8;595;1181.225806;3256;0;49;4486.225806;5311.225806
PACA;1809;18;9;595;1190.733333;3256;0;49;4495.733333;5320.733333
PACA;1810;18;10;595;1200.290323;3256;0;48;4504.290323;5329.290323
PACA;1811;18;11;595;1209.8;3256;0;48;4513.8;5338.8
PACA;1812;18;12;595;1219.354839;3256;0;48;4523.354839;5348.354839
PACA;1901;19;1;595;1228.870968;3256;0;48;4532.870968;5357.870968
PACA;1902;19;2;595;1237.857143;3256;0;48;4541.857143;5366.857143
PACA;1903;19;3;595;1246.806452;3256;0;48;4550.806452;5375.806452
PACA;1904;19;4;595;1256.066667;3256;0;48;4560.066667;5385.066667
PACA;1905;19;5;595;1265.354839;3256;0;48;4569.354839;5394.354839
PACA;1906;19;6;595;1274.633333;3256;0;48;4578.633333;5403.633333
PACA;1907;19;7;595;1283.903226;3256;0;48;4587.903226;5412.903226
PACA;1908;19;8;595;1293.354839;3256;0;48;4597.354839;5422.354839
PACA;1909;19;9;595;1302.633333;3256;0;48;4606.633333;5431.633333
PACA;1910;19;10;595;1311.870968;3256;0;48;4615.870968;5440.870968
PACA;1911;19;11;595;1321.166667;3256;0;48;4625.166667;5450.166667
PACA;1912;19;12;595;1330.419355;3256;0;48;4634.419355;5459.419355
PACA;2001;20;1;595;1339.419355;3256;0;50.12903226;4645.548387;5470.548387
PACA;2002;20;2;595;1347.689655;3256;0;54.13793103;4657.827586;5482.827586
PACA;2003;20;3;595;1355.967742;3256;0;58.19354839;4670.16129;5495.16129
PACA;2004;20;4;595;1364.366667;3256;0;62.26666667;4682.633333;5507.633333
PACA;2005;20;5;595;1372.806452;3256;0;66.32258065;4695.129032;5520.129032
PACA;2006;20;6;595;1381.2;3256;0;70.4;4707.6;5532.6
PACA;2007;20;7;595;1389.677419;3256;0;74.5483871;4720.225806;5545.225806
PACA;2008;20;8;595;1398.193548;3256;0;78.67741935;4732.870968;5557.870968
PACA;2009;20;9;595;1406.633333;3256;0;82.73333333;4745.366667;5570.366667
PACA;2010;20;10;595;1415.032258;3256;0;86.80645161;4757.83871;5582.83871
PACA;2011;20;11;595;1423.433333;3256;0;90.93333333;4770.366667;5595.366667
PACA;2012;20;12;595;1431.870968;3256;0;95;4782.870968;5607.870968
PACA;2101;21;1;595;1445.516129;3256;0;97;4798.516129;5613.433937
PACA;2102;21;2;595;1463.071429;3256;0;97;4816.071429;5612.400196
PACA;2103;21;3;595;1480.612903;3256;0;97;4833.612903;5611.352629
PACA;2104;21;4;595;1498.7;3256;0;97;4851.7;5610.220548
PACA;2105;21;5;595;1516.870968;3256;0;97;4869.870968;5609.172338
PACA;2106;21;6;595;1535;3256;0;97;4888;5608.082192
PACA;2107;21;7;595;1553.096774;3256;0;97;4906.096774;5606.959788
PACA;2108;21;8;595;1571.548387;3256;0;97;4924.548387;5605.877154
PACA;2109;21;9;595;1589.7;3256;0;97;4942.7;5604.809589
PACA;2110;21;10;595;1607.806452;3256;0;97;4960.806452;5603.696863
PDL;1301;13;1;1200;261.3548387;10;0;484.8387097;756.1935484;1956.193548
PDL;1302;13;2;1200;263.8928571;10;0;490.1071429;764;1964
PDL;1303;13;3;1200;266.3548387;10;0;495.3548387;771.7096774;1971.709677
PDL;1304;13;4;1200;268.9666667;10;0;500.7666667;779.7333333;1979.733333
PDL;1305;13;5;1200;271.5483871;10;0;506.2580645;787.8064516;1987.806452
PDL;1306;13;6;1200;274.1333333;10;0;511.6333333;795.7666667;1995.766667
PDL;1307;13;7;1200;276.7419355;10;0;517.0967742;803.8387097;2003.83871
PDL;1308;13;8;1200;279.3548387;10;0;522.5806452;811.9354839;2011.935484
PDL;1309;13;9;1200;281.9666667;10;0;528.0333333;820;2020
PDL;1310;13;10;1200;284.5483871;10;0;533.483871;828.0322581;2028.032258
PDL;1311;13;11;1200;287.1;10;0;538.8666667;835.9666667;2035.966667
PDL;1312;13;12;1200;289.7419355;10;0;544.3548387;844.0967742;2044.096774
PDL;1401;14;1;1200;293.5806452;10;0;548.3548387;851.9354839;2051.935484
PDL;1402;14;2;1200;298.3214286;10;0;550.8928571;859.2142857;2059.214286
PDL;1403;14;3;1200;303.1290323;10;0;553.3548387;866.483871;2066.483871
PDL;1404;14;4;1200;308.0333333;10;0;555.9666667;874;2074
PDL;1405;14;5;1200;312.9677419;10;0;558.5483871;881.516129;2081.516129
PDL;1406;14;6;1200;317.9333333;10;0;561.1333333;889.0666667;2089.066667
PDL;1407;14;7;1200;322.8387097;10;0;563.7419355;896.5806452;2096.580645
PDL;1408;14;8;1200;327.8709677;10;0;566.3548387;904.2258065;2104.225806
PDL;1409;14;9;1200;332.8;10;0;568.9666667;911.7666667;2111.766667
PDL;1410;14;10;1200;337.7096774;10;0;571.5483871;919.2580645;2119.258065
PDL;1411;14;11;1200;342.6666667;10;0;574.1;926.7666667;2126.766667
PDL;1412;14;12;1200;347.5806452;10;0;576.7419355;934.3225806;2134.322581
PDL;1501;15;1;1200;351.2258065;10;0;580.3548387;941.5806452;2141.580645
PDL;1502;15;2;1200;353.6428571;10;0;584.75;948.3928571;2148.392857
PDL;1503;15;3;1200;355.9677419;10;0;589.0967742;955.0645161;2155.064516
PDL;1504;15;4;1200;358.3666667;10;0;593.6;961.9666667;2161.966667
PDL;1505;15;5;1200;360.8387097;10;0;598.0967742;968.9354839;2168.935484
PDL;1506;15;6;1200;363.2;10;0;602.6333333;975.8333333;2175.833333
PDL;1507;15;7;1200;365.6774194;10;0;607.1290323;982.8064516;2182.806452
PDL;1508;15;8;1200;368.0967742;10;0;611.7741935;989.8709677;2189.870968
PDL;1509;15;9;1200;370.5333333;10;0;616.2333333;996.7666667;2196.766667
PDL;1510;15;10;1200;372.9677419;10;0;620.7741935;1003.741935;2203.741935
PDL;1511;15;11;1200;375.3666667;10;0;625.2333333;1010.6;2210.6
PDL;1512;15;12;1200;377.8387097;10;0;629.8064516;1017.645161;2217.645161
PDL;1601;16;1;1200;380.483871;10;0;636.4193548;1026.903226;2226.903226
PDL;1602;16;2;1200;383.2413793;10;0;644.6896552;1037.931034;2237.931034
PDL;1603;16;3;1200;386.0645161;10;0;652.9677419;1049.032258;2249.032258
PDL;1604;16;4;1200;388.9;10;0;661.3666667;1060.266667;2260.266667
PDL;1605;16;5;1200;391.7419355;10;0;669.8064516;1071.548387;2271.548387
PDL;1606;16;6;1200;394.5666667;10;0;678.2;1082.766667;2282.766667
PDL;1607;16;7;1200;397.3870968;10;0;686.6774194;1094.064516;2294.064516
PDL;1608;16;8;1200;400.2580645;10;0;695.1935484;1105.451613;2305.451613
PDL;1609;16;9;1200;403.1;10;0;703.6333333;1116.733333;2316.733333
PDL;1610;16;10;1200;405.9354839;10;0;712.0322581;1127.967742;2327.967742
PDL;1611;16;11;1200;408.8;10;0;720.4333333;1139.233333;2339.233333
PDL;1612;16;12;1200;411.6129032;10;0;728.8709677;1150.483871;2350.483871
PDL;1701;17;1;1200;415.1935484;10;0;736.8709677;1162.064516;2362.064516
PDL;1702;17;2;1200;419.25;10;0;744.0714286;1173.321429;2373.321429
PDL;1703;17;3;1200;423.2580645;10;0;751.3225806;1184.580645;2384.580645
PDL;1704;17;4;1200;427.4333333;10;0;758.7333333;1196.166667;2396.166667
PDL;1705;17;5;1200;431.6451613;10;0;766.1612903;1207.806452;2407.806452
PDL;1706;17;6;1200;435.8333333;10;0;773.6;1219.433333;2419.433333
PDL;1707;17;7;1200;439.9677419;10;0;781.0322581;1231;2431
PDL;1708;17;8;1200;444.2258065;10;0;788.6129032;1242.83871;2442.83871
PDL;1709;17;9;1200;448.4;10;0;796;1254.4;2454.4
PDL;1710;17;10;1200;452.6129032;10;0;803.4516129;1266.064516;2466.064516
PDL;1711;17;11;1200;456.7666667;10;0;810.9;1277.666667;2477.666667
PDL;1712;17;12;1200;460.9354839;10;0;818.3870968;1289.322581;2489.322581
PDL;1801;18;1;1200;464.4516129;10;0;825.8709677;1300.322581;2500.322581
PDL;1802;18;2;1200;467.1071429;10;0;833.0714286;1310.178571;2510.178571
PDL;1803;18;3;1200;469.8387097;10;0;840.3225806;1320.16129;2520.16129
PDL;1804;18;4;1200;472.5;10;0;847.7333333;1330.233333;2530.233333
PDL;1805;18;5;1200;475.2580645;10;0;855.1612903;1340.419355;2540.419355
PDL;1806;18;6;1200;478.0333333;10;0;862.6;1350.633333;2550.633333
PDL;1807;18;7;1200;480.8387097;10;0;870.0322581;1360.870968;2560.870968
PDL;1808;18;8;1200;483.6451613;10;0;877.6129032;1371.258065;2571.258065
PDL;1809;18;9;1200;486.4;10;0;885;1381.4;2581.4
PDL;1810;18;10;1200;489.0645161;10;0;892.4516129;1391.516129;2591.516129
PDL;1811;18;11;1200;491.9;10;0;899.9;1401.8;2601.8
PDL;1812;18;12;1200;494.6451613;10;0;907.3870968;1412.032258;2612.032258
PDL;1901;19;1;1200;498.7419355;10;0;915.4193548;1424.16129;2624.16129
PDL;1902;19;2;1200;503.6785714;10;0;923.5714286;1437.25;2637.25
PDL;1903;19;3;1200;508.5806452;10;0;931.7741935;1450.354839;2650.354839
PDL;1904;19;4;1200;513.6666667;10;0;940.2;1463.866667;2663.866667
PDL;1905;19;5;1200;518.7419355;10;0;948.6451613;1477.387097;2677.387097
PDL;1906;19;6;1200;523.8333333;10;0;957.0666667;1490.9;2690.9
PDL;1907;19;7;1200;528.9032258;10;0;965.516129;1504.419355;2704.419355
PDL;1908;19;8;1200;534.0967742;10;0;974.0645161;1518.16129;2718.16129
PDL;1909;19;9;1200;539.1666667;10;0;982.5333333;1531.7;2731.7
PDL;1910;19;10;1200;544.2580645;10;0;990.9677419;1545.225806;2745.225806
PDL;1911;19;11;1200;549.3333333;10;0;999.4;1558.733333;2758.733333
PDL;1912;19;12;1200;554.4193548;10;0;1007.870968;1572.290323;2772.290323
PDL;2001;20;1;1200;559.516129;10;0;1014.580645;1584.096774;2784.096774
PDL;2002;20;2;1200;564.2758621;10;0;1019.413793;1593.689655;2793.689655
PDL;2003;20;3;1200;569.0322581;10;0;1024.258065;1603.290323;2803.290323
PDL;2004;20;4;1200;573.9;10;0;1029.166667;1613.066667;2813.066667
PDL;2005;20;5;1200;578.7096774;10;0;1034.096774;1622.806452;2822.806452
PDL;2006;20;6;1200;583.5666667;10;0;1039;1632.566667;2832.566667
PDL;2007;20;7;1200;588.3548387;10;0;1043.935484;1642.290323;2842.290323
PDL;2008;20;8;1200;593.2903226;10;0;1048.903226;1652.193548;2852.193548
PDL;2009;20;9;1200;598.1;10;0;1053.833333;1661.933333;2861.933333
PDL;2010;20;10;1200;602.9677419;10;0;1058.741935;1671.709677;2871.709677
PDL;2011;20;11;1200;607.8;10;0;1063.666667;1681.466667;2881.466667
PDL;2012;20;12;1200;612.6451613;10;0;1068.580645;1691.225806;2891.225806
PDL;2101;21;1;1200;621.1612903;10;0;1075.129032;1706.290323;2906.290323
PDL;2102;21;2;1200;632.4285714;10;0;1082.714286;1725.142857;2925.142857
PDL;2103;21;3;1200;643.7741935;10;0;1090.322581;1744.096774;2944.096774
PDL;2104;21;4;1200;655.4666667;10;0;1098.166667;1763.633333;2963.633333
PDL;2105;21;5;1200;667.1612903;10;0;1106.032258;1783.193548;2983.193548
PDL;2106;21;6;1200;678.8666667;10;0;1113.866667;1802.733333;3002.733333
PDL;2107;21;7;1200;690.5483871;10;0;1121.741935;1822.290323;3022.290323
PDL;2108;21;8;1200;702.4516129;10;0;1129.709677;1842.16129;3042.16129
PDL;2109;21;9;1200;714.1666667;10;0;1137.566667;1861.733333;3061.733333
PDL;2110;21;10;1200;725.8387097;10;0;1145.419355;1881.258065;3081.258065
