Regions;YYMM;YY;MM;Temperature;Vent;Humidite;Precipitations
AURA;1301;13;1;2.818548387;4.879032258;75.22983871;0.399193548
AURA;1302;13;2;1.290178571;5.080357143;69.64285714;0.303571429
AURA;1303;13;3;6.22983871;3.653225806;70.89516129;0.77016129
AURA;1304;13;4;10.25833333;3.620833333;68.8125;0.829166667
AURA;1305;13;5;11.44354839;3.491935484;71.18951613;1.5
AURA;1306;13;6;17.30416667;4.154166667;60.72083333;0.366666667
AURA;1307;13;7;22.18951613;3.693548387;59.23387097;0.947580645
AURA;1308;13;8;20.125;3.802419355;60.4516129;0.762096774
AURA;1309;13;9;17.0125;3.441666667;65.63333333;0.770833333
AURA;1310;13;10;14.43548387;3.266129032;76.9233871;0.991935484
AURA;1311;13;11;5.8;4.8125;75.64166667;0.7125
AURA;1312;13;12;4.475806452;3.866935484;76.81048387;0.560483871
AURA;1401;14;1;6.189516129;2.451612903;81.58467742;1.209677419
AURA;1402;14;2;6.540178571;2.446428571;77.69642857;1.026785714
AURA;1403;14;3;8.564516129;3.641129032;65.30645161;0.294354839
AURA;1404;14;4;11.99583333;3.883333333;61.98333333;0.5125
AURA;1405;14;5;13.98790323;4.27016129;60.36693548;0.608870968
AURA;1406;14;6;19.89583333;3.995833333;52.78333333;0.5
AURA;1407;14;7;19.19354839;3.512096774;69.02419355;1.580645161
AURA;1408;14;8;18.49596774;3.471774194;62.23387097;0.737903226
AURA;1409;14;9;17.32916667;3.466666667;69.11666667;1.041666667
AURA;1410;14;10;14.68548387;2.677419355;78.80241935;1.201612903
AURA;1411;14;11;9.958333333;2.454166667;86.26666667;2.2
AURA;1412;14;12;4.524193548;4.923387097;75.20967742;0.310483871
AURA;1501;15;1;4.052419355;4.10483871;76.14112903;0.72983871
AURA;1502;15;2;2.90625;5.017857143;71.16964286;0.433035714
AURA;1503;15;3;8.14516129;3.850806452;67.37096774;0.39516129
AURA;1504;15;4;12.0125;3.6;60.675;0.620833333
AURA;1505;15;5;15.91532258;4.35483871;59.10483871;0.278225806
AURA;1506;15;6;20.37916667;3.7;57.80416667;0.716666667
AURA;1507;15;7;24.14919355;3.810483871;46.98387097;0.209677419
AURA;1508;15;8;21.59274194;3.342741935;56.4516129;0.782258065
AURA;1509;15;9;15.30416667;4.175;64.29166667;1.775
AURA;1510;15;10;10.62096774;3.548387097;76.51612903;0.798387097
AURA;1511;15;11;9.066666667;3.6625;74.5625;0.3625
AURA;1512;15;12;8.080645161;1.89516129;82.95967742;0.129032258
AURA;1601;16;1;5.850806452;2.004032258;82.03629032;0.572580645
AURA;1602;16;2;6.112068966;3.349137931;74.01724138;0.517241379
AURA;1603;16;3;6.532258065;4.076612903;67.29032258;0.568548387
AURA;1604;16;4;10.35416667;3.975;65.74166667;0.979166667
AURA;1605;16;5;13.85887097;3.721774194;65.32258065;0.983870968
AURA;1606;16;6;18.35;3.183333333;63.475;0.95
AURA;1607;16;7;21.21774194;4.044354839;58.18145161;0.596774194
AURA;1608;16;8;21.10080645;3.717741935;56.79435484;0.350806452
AURA;1609;16;9;18.62083333;3.333333333;62.9875;0.4625
AURA;1610;16;10;10.74596774;3.939516129;75.69758065;1.225806452
AURA;1611;16;11;7.7125;3.3125;79.5875;1.066666667
AURA;1612;16;12;3.056451613;4.334677419;79.43548387;0.185483871
AURA;1701;17;1;0.463709677;5.290322581;70.41935484;0.306451613
AURA;1702;17;2;7.4375;3.0625;72.00446429;0.3125
AURA;1703;17;3;10.01612903;3.608870968;67.17741935;0.600806452
AURA;1704;17;4;10.575;5.104166667;55.36666667;0.458333333
AURA;1705;17;5;15.5;2.963709677;66.53629032;1.189516129
AURA;1706;17;6;21.14166667;3.416666667;59.8125;0.766666667
AURA;1707;17;7;21.76209677;3.431451613;54.50806452;0.439516129
AURA;1708;17;8;21.81048387;3.709677419;53.14112903;0.693548387
AURA;1709;17;9;15.14583333;2.9375;58.5375;0.3375
AURA;1710;17;10;13.36693548;3.899193548;64.55645161;0.076612903
AURA;1711;17;11;6.2375;4.55;68.9625;0.595833333
AURA;1712;17;12;3.955645161;4.125;78.43548387;0.568548387
AURA;1801;18;1;7.217741935;2.975806452;78.18145161;0.97983871
AURA;1802;18;2;1.553571429;4.879464286;64.40625;0.348214286
AURA;1803;18;3;7.213709677;2.991935484;69.78629032;1.004032258
AURA;1804;18;4;13.425;3.0375;64.675;0.670833333
AURA;1805;18;5;15.37096774;3.10483871;70.63306452;1.282258065
AURA;1806;18;6;19.35416667;3.920833333;62.02916667;0.775
AURA;1807;18;7;22.83064516;3.637096774;53.22580645;0.75
AURA;1808;18;8;22.22983871;3.806451613;56.5;0.278225806
AURA;1809;18;9;18.49166667;3.383333333;59.04166667;0.3875
AURA;1810;18;10;13;4.10483871;71.72580645;0.778225806
AURA;1811;18;11;8.470833333;2.754166667;84.34166667;1.391666667
AURA;1812;18;12;5.822580645;3.564516129;81.10080645;0.383064516
AURA;1901;19;1;2.721774194;5.487903226;67.75806452;0.254032258
AURA;1902;19;2;6.09375;3.165178571;71.67857143;0.370535714
AURA;1903;19;3;8.935483871;3.733870968;57.80645161;0.241935484
AURA;1904;19;4;10.5125;3.558333333;63.82083333;0.891666667
AURA;1905;19;5;13.15725806;4.616935484;58.92741935;0.431451613
AURA;1906;19;6;20.40833333;3.15;60.14583333;0.95
AURA;1907;19;7;23.30645161;3.745967742;51.375;0.471774194
AURA;1908;19;8;21.59274194;3.745967742;54.60887097;0.495967742
AURA;1909;19;9;17.74583333;3.733333333;54.00416667;0.279166667
AURA;1910;19;10;14.33870968;2.927419355;72.88709677;1.338709677
AURA;1911;19;11;7.216666667;2.520833333;80.675;1.2
AURA;1912;19;12;6.649193548;3.266129032;76.22177419;0.72983871
AURA;2001;20;1;5.286290323;3.044354839;75.64112903;0.169354839
AURA;2002;20;2;7.926724138;2.827586207;68.89224138;0.293103448
AURA;2003;20;3;8.262096774;3.443548387;62.35080645;0.379032258
AURA;2004;20;4;13.41666667;2.108333333;62.70416667;0.391666667
AURA;2005;20;5;16.20564516;4.254032258;60.05241935;0.72983871
AURA;2006;20;6;18.42083333;3.395833333;57.64583333;1.491666667
AURA;2007;20;7;22.40725806;3.899193548;50.85483871;0.375
AURA;2008;20;8;22.29435484;3.318548387;55.99596774;0.971774194
AURA;2009;20;9;17.85416667;2.941666667;64.5625;0.666666667
AURA;2010;20;10;11.83064516;3.22983871;75.9516129;0.701612903
AURA;2011;20;11;8.895833333;3.0125;78.9875;0.254166667
AURA;2012;20;12;5.556451613;2.516129032;84.63709677;1.072580645
AURA;2101;21;1;3.133064516;4.298387097;75.23387097;0.653225806
AURA;2102;21;2;7.75;2.794642857;79.03125;0.348214286
AURA;2103;21;3;7.697580645;3.762096774;63.88709677;0.266129032
AURA;2104;21;4;9.516666667;4.045833333;59.2125;0.704166667
AURA;2105;21;5;13.33467742;2.883064516;66.22177419;1.120967742
AURA;2106;21;6;20.19583333;3.495833333;63.54583333;1.245833333
AURA;2107;21;7;20.27419355;3.665322581;64.67741935;1.080645161
AURA;2108;21;8;19.49596774;4.088709677;65.35887097;0.366935484
AURA;2109;21;9;18.23333333;2.516666667;71.65;1.175
AURA;2110;21;10;11.61693548;3.665322581;74.47580645;0.838709677
B;1301;13;1;7.173387097;4.10483871;88.61290323;0.971774194
B;1302;13;2;5.785714286;4.366071429;80.41517857;0.553571429
B;1303;13;3;6.459677419;4.516129032;80.02822581;0.846774194
B;1304;13;4;9.104166667;5.0625;77.2;0.704166667
B;1305;13;5;11.32258065;4.262096774;77.91532258;0.669354839
B;1306;13;6;14.54583333;4.079166667;81.075;0.508333333
B;1307;13;7;18.8266129;4.016129032;75.99596774;0.471774194
B;1308;13;8;17.96774194;3.346774194;75.70967742;0.185483871
B;1309;13;9;16.34166667;3.241666667;79.8125;0.445833333
B;1310;13;10;14.89112903;4.504032258;85.64112903;1.068548387
B;1311;13;11;9.870833333;3.933333333;84.45416667;1.091666667
B;1312;13;12;8.491935484;4.778225806;87.15322581;1.342741935
B;1401;14;1;8.576612903;5.120967742;88.875;1.455645161
B;1402;14;2;8.415178571;6.370535714;82.17410714;1.763392857
B;1403;14;3;8.963709677;3.97983871;81.59274194;0.504032258
B;1404;14;4;11.24583333;3.9125;79.85833333;0.55
B;1405;14;5;12.95967742;3.927419355;78.27822581;0.875
B;1406;14;6;16.52916667;3.716666667;73.3375;0.475
B;1407;14;7;18.34677419;3.47983871;77.66532258;0.612903226
B;1408;14;8;16.69354839;3.52016129;79.21774194;1.004032258
B;1409;14;9;17.58333333;2.745833333;78.33333333;0.083333333
B;1410;14;10;14.90725806;3.850806452;83.75403226;0.931451613
B;1411;14;11;11.34166667;3.85;87.93333333;1.404166667
B;1412;14;12;8.451612903;3.963709677;84.08467742;0.689516129
B;1501;15;1;7.814516129;4.669354839;84.21774194;1.108870968
B;1502;15;2;6.035714286;4.330357143;81.97767857;1
B;1503;15;3;8.568548387;4.439516129;79.89919355;0.318548387
B;1504;15;4;11.73333333;3.766666667;72.92083333;0.45
B;1505;15;5;12.88306452;4.185483871;80.47983871;0.673387097
B;1506;15;6;15.88333333;3.758333333;73.47916667;0.229166667
B;1507;15;7;17.62903226;3.862903226;75.41935484;0.564516129
B;1508;15;8;17.18145161;3.629032258;78.86290323;1.153225806
B;1509;15;9;14.6875;3.608333333;77.80833333;0.508333333
B;1510;15;10;12.91532258;3.556451613;82.58870968;0.572580645
B;1511;15;11;12.64166667;4.820833333;85.39583333;0.808333333
B;1512;15;12;12.01612903;5.879032258;84.02419355;0.665322581
B;1601;16;1;8.512096774;5.14516129;85.78629032;1.629032258
B;1602;16;2;7.788793103;5.068965517;79.88362069;1.232758621
B;1603;16;3;7.814516129;4.97983871;77.86693548;0.741935484
B;1604;16;4;9.508333333;3.975;75.5125;0.4625
B;1605;16;5;13.46370968;3.629032258;77.37096774;0.508064516
B;1606;16;6;15.70833333;3.425;83.32083333;0.854166667
B;1607;16;7;17.77419355;3.209677419;77.27419355;0.189516129
B;1608;16;8;18.43145161;3.512096774;77.47580645;0.391129032
B;1609;16;9;17.39166667;3.383333333;80.94583333;0.516666667
B;1610;16;10;12.0766129;2.899193548;82.95564516;0.435483871
B;1611;16;11;9.55;3.9875;85.74583333;1.058333333
B;1612;16;12;8.153225806;3.024193548;91.54032258;0.241935484
B;1701;17;1;5.633064516;3.379032258;85.60483871;0.508064516
B;1702;17;2;8.15625;4.571428571;85.85267857;0.910714286
B;1703;17;3;10.2983871;4.713709677;82.08064516;0.596774194
B;1704;17;4;10.47916667;3.391666667;75.15416667;0.320833333
B;1705;17;5;14.56451613;3.745967742;79.61693548;0.830645161
B;1706;17;6;17.24583333;3.779166667;77.21666667;0.329166667
B;1707;17;7;17.85080645;3.987903226;80.52822581;0.528225806
B;1708;17;8;17.33870968;3.487903226;81.06854839;0.858870968
B;1709;17;9;14.78333333;3.6375;86.44166667;0.941666667
B;1710;17;10;14.16129032;3.419354839;88.00403226;0.439516129
B;1711;17;11;9.8125;3.216666667;87.95;0.704166667
B;1712;17;12;8.334677419;4.282258065;88.56048387;0.991935484
B;1801;18;1;9.040322581;5.35483871;89.39516129;0.879032258
B;1802;18;2;5.053571429;4.544642857;78.26339286;0.616071429
B;1803;18;3;7.620967742;4.826612903;84.99596774;1.056451613
B;1804;18;4;11.52916667;4.1;81.14166667;0.541666667
B;1805;18;5;13.60080645;3.528225806;80.10483871;0.439516129
B;1806;18;6;17.2625;3.4625;78.34583333;0.754166667
B;1807;18;7;19.38306452;3.366935484;75.15322581;0.580645161
B;1808;18;8;17.9233871;2.959677419;80.84677419;0.487903226
B;1809;18;9;16.275;3.658333333;78.075;0.204166667
B;1810;18;10;12.93548387;3.584677419;82.62096774;0.951612903
B;1811;18;11;9.829166667;4.3625;88.01666667;1.079166667
B;1812;18;12;9.677419355;4.475806452;90.86693548;1.080645161
B;1901;19;1;6.870967742;3.334677419;86.13709677;0.697580645
B;1902;19;2;8.794642857;4.022321429;83.5625;0.727678571
B;1903;19;3;9.798387097;4.927419355;80.89516129;0.512096774
B;1904;19;4;10.7375;3.820833333;77.3875;0.666666667
B;1905;19;5;12.88306452;3.568548387;75.69758065;0.379032258
B;1906;19;6;15.875;3.733333333;79.99583333;0.829166667
B;1907;19;7;19.16129032;4.008064516;70.69354839;0.217741935
B;1908;19;8;17.86290323;3.826612903;78.27822581;0.616935484
B;1909;19;9;16.25833333;4.520833333;80.22916667;0.670833333
B;1910;19;10;13.59274194;4.504032258;88.49193548;1.705645161
B;1911;19;11;9.5;4.6375;89.14583333;2.0125
B;1912;19;12;8.822580645;5.149193548;87.67741935;0.947580645
B;2001;20;1;8.633064516;5.032258065;87.83064516;0.762096774
B;2002;20;2;9.594827586;6.681034483;83.77155172;1.077586207
B;2003;20;3;8.987903226;5.274193548;78.7983871;0.608870968
B;2004;20;4;12.54583333;3.791666667;75.99166667;0.554166667
B;2005;20;5;14.89112903;4.169354839;69.14919355;0.330645161
B;2006;20;6;15.90833333;3.904166667;79.31666667;0.791666667
B;2007;20;7;17.35887097;3.927419355;76.2983871;0.165322581
B;2008;20;8;18.51612903;4.112903226;80.40725806;0.568548387
B;2009;20;9;16.46666667;3.45;81.45416667;0.504166667
B;2010;20;10;12.63306452;4.991935484;85.73790323;1.346774194
B;2011;20;11;11.64166667;4.333333333;87.075;0.591666667
B;2012;20;12;8.774193548;5.346774194;88.25806452;1.717741935
B;2101;21;1;6.741935484;4.149193548;88.71370968;1.008064516
B;2102;21;2;7.785714286;5.441964286;83.08035714;0.678571429
B;2103;21;3;9.024193548;4.483870968;77.83064516;0.302419355
B;2104;21;4;9.608333333;4.166666667;67.9;0.158333333
B;2105;21;5;12.06854839;4.955645161;78.09274194;0.75
B;2106;21;6;16.15;3.079166667;81.69166667;1.0625
B;2107;21;7;17.91935484;4.076612903;80.0766129;0.77016129
B;2108;21;8;17;3.89516129;82.26209677;0.318548387
B;2109;21;9;17.29583333;3.504166667;82.11666667;0.4375
B;2110;21;10;13.83467742;4.169354839;86.91935484;1.161290323
BFC;1301;13;1;2.096774194;2.866935484;88.84677419;0.237903226
BFC;1302;13;2;0.660714286;3.888392857;82.69196429;0.178571429
BFC;1303;13;3;4.77016129;3.22983871;74.85887097;0.153225806
BFC;1304;13;4;10.09583333;3.508333333;69.24583333;0.441666667
BFC;1305;13;5;11.23790323;3.016129032;80.29032258;0.673387097
BFC;1306;13;6;17.1;3;70.89166667;0.325
BFC;1307;13;7;22.19354839;3.213709677;64.98790323;0.403225806
BFC;1308;13;8;19.74596774;2.782258065;65.81451613;0.197580645
BFC;1309;13;9;16.225;2.783333333;78.01666667;0.245833333
BFC;1310;13;10;13.21774194;2.89516129;83.70967742;0.427419355
BFC;1311;13;11;5.820833333;4.2375;82.59583333;0.3875
BFC;1312;13;12;2.77016129;2.516129032;88.58870968;0.173387097
BFC;1401;14;1;5.282258065;2.866935484;86.82258065;0.322580645
BFC;1402;14;2;5.620535714;3.700892857;82.49553571;0.383928571
BFC;1403;14;3;8.64516129;2.834677419;68.99193548;0.064516129
BFC;1404;14;4;12.07083333;3.075;67.46666667;0.0875
BFC;1405;14;5;14.01209677;4.084677419;68.59677419;0.100806452
BFC;1406;14;6;20.07083333;3.670833333;56.225;0.179166667
BFC;1407;14;7;19.69758065;2.975806452;72.90725806;0.399193548
BFC;1408;14;8;17.69758065;2.532258065;75.41129032;0.431451613
BFC;1409;14;9;17.1625;2.858333333;74.12916667;0.0625
BFC;1410;14;10;13.4233871;2.387096774;87.75806452;0.334677419
BFC;1411;14;11;8.241666667;2.195833333;94.37916667;0.691666667
BFC;1412;14;12;4.120967742;3.233870968;88.16129032;0.209677419
BFC;1501;15;1;3.133064516;3.439516129;89.24596774;0.177419355
BFC;1502;15;2;2.647321429;3.714285714;80.88392857;0.15625
BFC;1503;15;3;7.737903226;3.633064516;69.73790323;0.112903226
BFC;1504;15;4;11.60833333;3.195833333;63.95416667;0.191666667
BFC;1505;15;5;14.97580645;3.157258065;68.41532258;0.237903226
BFC;1506;15;6;20.0625;3.041666667;61.0125;0.158333333
BFC;1507;15;7;23.75403226;3.258064516;50.20967742;0.016129032
BFC;1508;15;8;21.14112903;2.572580645;65.48790323;0.282258065
BFC;1509;15;9;14.9125;3.616666667;70.43333333;0.266666667
BFC;1510;15;10;10.33064516;2.560483871;82.27822581;0.245967742
BFC;1511;15;11;7.8625;3.1;87.125;0.091666667
BFC;1512;15;12;6.024193548;2.064516129;92.25;0.080645161
BFC;1601;16;1;4.217741935;3.177419355;88.14112903;0.310483871
BFC;1602;16;2;5.288793103;4.581896552;81.57758621;0.25
BFC;1603;16;3;6.056451613;3.955645161;76.59274194;0.177419355
BFC;1604;16;4;9.579166667;2.820833333;78.42083333;0.495833333
BFC;1605;16;5;13.74596774;2.947580645;78.22177419;0.423387097
BFC;1606;16;6;18.07083333;2.55;78.21666667;0.325
BFC;1607;16;7;21.07258065;2.701612903;66.03225806;0.149193548
BFC;1608;16;8;20.95967742;2.459677419;64.83064516;0.129032258
BFC;1609;16;9;18.38333333;2.508333333;69.8625;0.170833333
BFC;1610;16;10;10.36693548;3.040322581;82.25403226;0.326612903
BFC;1611;16;11;6.608333333;3.320833333;85.48333333;0.3875
BFC;1612;16;12;1.120967742;1.866935484;91.375;0.024193548
BFC;1701;17;1;-0.608870968;3.169354839;81.96774194;0.084677419
BFC;1702;17;2;5.866071429;3.25;80.90178571;0.165178571
BFC;1703;17;3;9.572580645;3.475806452;74.25;0.177419355
BFC;1704;17;4;10.23333333;3.516666667;63.42083333;0.083333333
BFC;1705;17;5;15.33870968;2.677419355;73.625;0.306451613
BFC;1706;17;6;20.84583333;3.125;65.2;0.283333333
BFC;1707;17;7;21.50403226;3.209677419;66.33870968;0.254032258
BFC;1708;17;8;21.25403226;2.616935484;63.59677419;0.141129032
BFC;1709;17;9;14.52083333;2.654166667;76.74583333;0.229166667
BFC;1710;17;10;11.88306452;2.491935484;82.78629032;0.036290323
BFC;1711;17;11;5.7375;3.320833333;86.525;0.241666667
BFC;1712;17;12;3.677419355;3.584677419;88.38709677;0.358870968
BFC;1801;18;1;6.673387097;4.02016129;88.37096774;0.483870968
BFC;1802;18;2;1.080357143;3.633928571;77.71428571;0.169642857
BFC;1803;18;3;5.616935484;3.153225806;83.85483871;0.556451613
BFC;1804;18;4;13.125;2.970833333;70.59166667;0.158333333
BFC;1805;18;5;16.29435484;2.758064516;74.46370968;0.322580645
BFC;1806;18;6;19.9;3.129166667;68.525;0.304166667
BFC;1807;18;7;23.41532258;2.915322581;57.62903226;0.274193548
BFC;1808;18;8;22.25806452;3.209677419;59.89919355;0.080645161
BFC;1809;18;9;17.79166667;3.045833333;62.45416667;0.045833333
BFC;1810;18;10;12.5483871;3.286290323;75.45967742;0.149193548
BFC;1811;18;11;7.175;2.583333333;90.7;0.233333333
BFC;1812;18;12;5.27016129;3.540322581;90.35483871;0.326612903
BFC;1901;19;1;2.310483871;3.366935484;85.1733871;0.116935484
BFC;1902;19;2;5.330357143;2.915178571;76.33928571;0.044642857
BFC;1903;19;3;8.524193548;4.548387097;69.56854839;0.10483871
BFC;1904;19;4;10.425;3.1;72.29583333;0.325
BFC;1905;19;5;12.88709677;3.39516129;69.53225806;0.108870968
BFC;1906;19;6;20.15416667;2.795833333;67.24166667;0.1
BFC;1907;19;7;23.25403226;3.431451613;51.92741935;0.133064516
BFC;1908;19;8;21.4516129;2.596774194;62.30645161;0.209677419
BFC;1909;19;9;17.30833333;3.504166667;63.04166667;0.1125
BFC;1910;19;10;13.18951613;3.141129032;86.15322581;0.383064516
BFC;1911;19;11;6.483333333;2.9125;90.17916667;0.229166667
BFC;1912;19;12;5.649193548;3.717741935;87.35887097;0.342741935
BFC;2001;20;1;4.040322581;3.088709677;89.23790323;0.108870968
BFC;2002;20;2;7.375;4.926724138;77.93534483;0.280172414
BFC;2003;20;3;7.693548387;3.806451613;72.52419355;0.173387097
BFC;2004;20;4;13.56666667;2.829166667;61.14583333;0.066666667
BFC;2005;20;5;15.72580645;3.681451613;70.67741935;0.076612903
BFC;2006;20;6;18.28333333;2.9625;74.7125;0.179166667
BFC;2007;20;7;22.53225806;3.290322581;51.72580645;0.048387097
BFC;2008;20;8;22.8266129;2.995967742;57.76209677;0.177419355
BFC;2009;20;9;18.27083333;2.920833333;67.2875;0.25
BFC;2010;20;10;11.02822581;3.862903226;88.30645161;0.560483871
BFC;2011;20;11;7.1;2.404166667;91.45;0.066666667
BFC;2012;20;12;4.616935484;3.330645161;89.21370968;0.334677419
BFC;2101;21;1;2.939516129;3.899193548;85.8266129;0.225806452
BFC;2102;21;2;5.723214286;3.616071429;77.53125;0.120535714
BFC;2103;21;3;6.89516129;3.451612903;68.05645161;0.096774194
BFC;2104;21;4;9.2875;4.041666667;57.49583333;0.070833333
BFC;2105;21;5;12.04435484;3.600806452;71.39919355;0.411290323
BFC;2106;21;6;19.89583333;2.729166667;71.54583333;0.170833333
BFC;2107;21;7;19.39516129;2.919354839;72.14112903;0.366935484
BFC;2108;21;8;18.87096774;2.89516129;72.80241935;0.153225806
BFC;2109;21;9;17.55;2.495833333;74.1625;0.195833333
BFC;2110;21;10;10.97580645;3.024193548;79.67741935;0.262096774
CVDL;1301;13;1;4.165322581;3.177419355;89.77822581;0.387096774
CVDL;1302;13;2;2.959821429;3.65625;85.10714286;0.392857143
CVDL;1303;13;3;6.10483871;3.5;75.88306452;0.383064516
CVDL;1304;13;4;10.26666667;3.333333333;70.4;0.475
CVDL;1305;13;5;11.98790323;3.149193548;77.78629032;0.717741935
CVDL;1306;13;6;16.80833333;2.979166667;72.125;0.308333333
CVDL;1307;13;7;22.41935484;3.064516129;63.85483871;0.278225806
CVDL;1308;13;8;19.87903226;2.657258065;63.39919355;0.201612903
CVDL;1309;13;9;16.92083333;2.833333333;74.54166667;0.483333333
CVDL;1310;13;10;14.05241935;3.10483871;84.53629032;0.721774194
CVDL;1311;13;11;7.133333333;3.666666667;84.1875;0.6125
CVDL;1312;13;12;5.177419355;3.495967742;83.47580645;0.262096774
CVDL;1401;14;1;6.963709677;3.661290323;85.63306452;0.407258065
CVDL;1402;14;2;7.357142857;4.866071429;79.29910714;0.607142857
CVDL;1403;14;3;9.141129032;2.951612903;68.90725806;0.205645161
CVDL;1404;14;4;12.14166667;3.0125;69.87083333;0.3375
CVDL;1405;14;5;13.50403226;3.576612903;73.48790323;0.528225806
CVDL;1406;14;6;18.68333333;3.1;65.30833333;0.333333333
CVDL;1407;14;7;20.13709677;2.741935484;73.83467742;0.709677419
CVDL;1408;14;8;17.89112903;2.669354839;73.91129032;0.649193548
CVDL;1409;14;9;17.89583333;2.554166667;72.44166667;0.125
CVDL;1410;14;10;14.31048387;2.560483871;83.31854839;0.633064516
CVDL;1411;14;11;10.20416667;3.091666667;87.3625;0.520833333
CVDL;1412;14;12;5.326612903;3.072580645;88.02822581;0.213709677
CVDL;1501;15;1;4.612903226;3.447580645;88.57258065;0.415322581
CVDL;1502;15;2;3.924107143;3.334821429;80.67857143;0.267857143
CVDL;1503;15;3;8.205645161;3.245967742;75.23387097;0.314516129
CVDL;1504;15;4;12.42916667;3.254166667;64.93333333;0.2375
CVDL;1505;15;5;14.72177419;3.108870968;72.09274194;0.439516129
CVDL;1506;15;6;19.25;2.8;63.0625;0.454166667
CVDL;1507;15;7;21.56854839;3.112903226;58.69354839;0.092741935
CVDL;1508;15;8;20.94354839;2.721774194;62.9233871;0.443548387
CVDL;1509;15;9;14.74583333;3.241666667;71.72916667;0.645833333
CVDL;1510;15;10;11.25;2.943548387;80.94354839;0.27016129
CVDL;1511;15;11;10.49583333;3.3125;85.11666667;0.291666667
CVDL;1512;15;12;8.108870968;2.592741935;86.20967742;0.157258065
CVDL;1601;16;1;5.673387097;3.814516129;87.14919355;0.669354839
CVDL;1602;16;2;6.125;4.353448276;81.40086207;0.534482759
CVDL;1603;16;3;6.786290323;3.713709677;74.96774194;0.528225806
CVDL;1604;16;4;9.420833333;2.783333333;74.79583333;0.416666667
CVDL;1605;16;5;13.73790323;3.100806452;74.75806452;0.846774194
CVDL;1606;16;6;17.09583333;2.770833333;79.03333333;0.5125
CVDL;1607;16;7;20.35887097;2.620967742;63.34677419;0.032258065
CVDL;1608;16;8;21.22580645;2.5;58.40322581;0.048387097
CVDL;1609;16;9;18.49583333;2.1875;64.8;0.133333333
CVDL;1610;16;10;10.95564516;2.762096774;78.17741935;0.173387097
CVDL;1611;16;11;7.704166667;3.425;83.55416667;0.533333333
CVDL;1612;16;12;3.741935484;2.443548387;88.09274194;0.108870968
CVDL;1701;17;1;1.919354839;2.89516129;83.5483871;0.157258065
CVDL;1702;17;2;7.089285714;3.584821429;79.125;0.258928571
CVDL;1703;17;3;10.06048387;3.487903226;75.41129032;0.431451613
CVDL;1704;17;4;10.44583333;2.8;62.47916667;0.166666667
CVDL;1705;17;5;15.79435484;3.024193548;71.36290323;0.495967742
CVDL;1706;17;6;20.57083333;3.154166667;63.79166667;0.4625
CVDL;1707;17;7;20.67741935;3.209677419;66.98790323;0.362903226
CVDL;1708;17;8;20.25403226;2.737903226;66.80241935;0.370967742
CVDL;1709;17;9;15.26666667;2.745833333;73.36666667;0.566666667
CVDL;1710;17;10;13.47580645;2.584677419;81.06048387;0.181451613
CVDL;1711;17;11;7.091666667;2.725;85.225;0.379166667
CVDL;1712;17;12;5.350806452;3.806451613;88.61290323;0.411290323
CVDL;1801;18;1;7.903225806;4.258064516;89.89919355;0.754032258
CVDL;1802;18;2;2.066964286;3.3125;79.02678571;0.397321429
CVDL;1803;18;3;7.504032258;3.870967742;75.13306452;0.564516129
CVDL;1804;18;4;13.20416667;3.016666667;69.75416667;0.383333333
CVDL;1805;18;5;15.97580645;2.439516129;70.8266129;0.330645161
CVDL;1806;18;6;19.7125;2.925;65.08333333;0.504166667
CVDL;1807;18;7;23.01209677;2.342741935;56.51612903;0.415322581
CVDL;1808;18;8;21.73790323;2.588709677;56.81854839;0.100806452
CVDL;1809;18;9;18.12916667;2.525;58.68333333;0.108333333
CVDL;1810;18;10;13.60483871;3.004032258;73.08870968;0.241935484
CVDL;1811;18;11;8.2125;3.35;85.99166667;0.454166667
CVDL;1812;18;12;6.846774194;3.947580645;89.375;0.379032258
CVDL;1901;19;1;3.955645161;2.951612903;87.66532258;0.310483871
CVDL;1902;19;2;7.388392857;3.008928571;75.35714286;0.102678571
CVDL;1903;19;3;9.467741935;4.153225806;69.08064516;0.282258065
CVDL;1904;19;4;11.15;3.233333333;66.5875;0.258333333
CVDL;1905;19;5;13.29032258;3.10483871;70.21774194;0.322580645
CVDL;1906;19;6;19.90833333;3.095833333;65.45416667;0.45
CVDL;1907;19;7;23.08467742;3.060483871;51.33870968;0.028225806
CVDL;1908;19;8;21.57258065;2.689516129;56.19758065;0.161290323
CVDL;1909;19;9;17.575;3.2375;61.59166667;0.166666667
CVDL;1910;19;10;13.83467742;3.576612903;82.9516129;0.754032258
CVDL;1911;19;11;8.083333333;3.854166667;88.47083333;0.6875
CVDL;1912;19;12;7.262096774;4.064516129;87.20564516;0.540322581
CVDL;2001;20;1;6.782258065;3.306451613;85.33064516;0.25
CVDL;2002;20;2;8.732758621;4.771551724;79.19396552;0.469827586
CVDL;2003;20;3;8.858870968;3.875;70.89112903;0.338709677
CVDL;2004;20;4;14.2125;2.8375;62.15833333;0.229166667
CVDL;2005;20;5;16.38306452;3.314516129;63.24596774;0.342741935
CVDL;2006;20;6;17.73333333;3.141666667;69.77916667;0.570833333
CVDL;2007;20;7;21.30241935;2.77016129;54.0766129;0.028225806
CVDL;2008;20;8;21.625;2.879032258;62.84677419;0.290322581
CVDL;2009;20;9;18.54583333;2.520833333;65.49583333;0.220833333
CVDL;2010;20;10;11.98387097;3.794354839;84.97580645;0.754032258
CVDL;2011;20;11;9.420833333;2.9375;83.67083333;0.170833333
CVDL;2012;20;12;6.443548387;3.903225806;90.09274194;0.649193548
CVDL;2101;21;1;4.274193548;3.407258065;88.19758065;0.528225806
CVDL;2102;21;2;7.102678571;3.53125;78.52232143;0.383928571
CVDL;2103;21;3;8.016129032;3.201612903;70.71370968;0.173387097
CVDL;2104;21;4;10.05416667;3.195833333;58.2625;0.166666667
CVDL;2105;21;5;12.83064516;3.879032258;71.59677419;0.560483871
CVDL;2106;21;6;19.56666667;2.404166667;70.8375;0.95
CVDL;2107;21;7;19.53225806;3.036290323;71.93548387;0.544354839
CVDL;2108;21;8;18.83064516;2.758064516;71.85080645;0.185483871
CVDL;2109;21;9;18.39583333;2.470833333;74.55833333;0.670833333
CVDL;2110;21;10;12.21774194;2.814516129;78.58467742;0.322580645
GE;1301;13;1;2.14516129;3.298387097;89.85080645;0.415322581
GE;1302;13;2;0.763392857;3.625;85;0.642857143
GE;1303;13;3;3.625;3.35483871;76.76612903;0.508064516
GE;1304;13;4;9.8875;3.775;69.15833333;0.783333333
GE;1305;13;5;11.61290323;3.189516129;81.48790323;1.552419355
GE;1306;13;6;17.02916667;3.2625;75.45833333;0.8875
GE;1307;13;7;21.49193548;2.846774194;68.93951613;0.766129032
GE;1308;13;8;19.04435484;2.552419355;69.72177419;0.725806452
GE;1309;13;9;15.34583333;2.9375;80.95833333;0.958333333
GE;1310;13;10;12.69758065;3.556451613;86.22177419;1.415322581
GE;1311;13;11;5.666666667;3.904166667;89.35833333;1.0125
GE;1312;13;12;3.822580645;3.774193548;87.47983871;0.641129032
GE;1401;14;1;5.165322581;4.048387097;88.23790323;0.64516129
GE;1402;14;2;5.875;5.0625;83.34375;0.816964286
GE;1403;14;3;7.870967742;2.725806452;75.40725806;0.169354839
GE;1404;14;4;11.8875;2.745833333;71.36666667;0.2375
GE;1405;14;5;13.83467742;3.608870968;74.49596774;0.790322581
GE;1406;14;6;18.6625;3.125;65.77083333;0.466666667
GE;1407;14;7;19.58870968;2.967741935;74.04435484;1.975806452
GE;1408;14;8;17.08870968;3.052419355;77.30241935;1.225806452
GE;1409;14;9;16.05833333;2.266666667;78.1625;0.370833333
GE;1410;14;10;13.22177419;2.669354839;86.89516129;1.036290323
GE;1411;14;11;8.2375;2.816666667;90.3;0.916666667
GE;1412;14;12;4.282258065;3.975806452;89.66129032;0.616935484
GE;1501;15;1;3.137096774;3.983870968;88.94758065;0.798387097
GE;1502;15;2;2.290178571;3.558035714;83.47767857;0.379464286
GE;1503;15;3;6.717741935;3.580645161;76.14919355;0.35483871
GE;1504;15;4;10.82916667;3.054166667;67.8875;0.7625
GE;1505;15;5;14.22983871;3.165322581;74.69758065;0.600806452
GE;1506;15;6;18.25;3.195833333;66.3625;0.6625
GE;1507;15;7;22.12096774;3.467741935;59.81451613;0.274193548
GE;1508;15;8;20.93951613;3.008064516;64.85887097;0.762096774
GE;1509;15;9;14.2;3.516666667;75.775;0.958333333
GE;1510;15;10;9.971774194;2.592741935;86.41532258;0.370967742
GE;1511;15;11;9.020833333;4.275;86.3875;0.658333333
GE;1512;15;12;7.350806452;3.600806452;86.42741935;0.209677419
GE;1601;16;1;4.040322581;4.14516129;87.125;0.923387097
GE;1602;16;2;5.25;4.982758621;82.34913793;0.965517241
GE;1603;16;3;5.564516129;4.004032258;78.68548387;0.64516129
GE;1604;16;4;9.3;3.320833333;76.825;1.0375
GE;1605;16;5;13.89112903;3.004032258;78.93548387;1.528225806
GE;1606;16;6;17.45833333;2.904166667;84.07083333;1.7625
GE;1607;16;7;20.04435484;2.653225806;73.00403226;0.858870968
GE;1608;16;8;19.81854839;2.475806452;70.37096774;0.459677419
GE;1609;16;9;17.42083333;2.320833333;74.61666667;0.391666667
GE;1610;16;10;9.653225806;2.580645161;85.66129032;0.641129032
GE;1611;16;11;5.945833333;3.404166667;87.08333333;0.720833333
GE;1612;16;12;1.725806452;2.125;91.72983871;0.072580645
GE;1701;17;1;-0.927419355;2.935483871;88.39516129;0.350806452
GE;1702;17;2;5.540178571;3.785714286;86.04910714;0.714285714
GE;1703;17;3;9.112903226;3.826612903;78.58064516;0.580645161
GE;1704;17;4;9.25;2.720833333;70.37083333;0.295833333
GE;1705;17;5;15.76209677;2.794354839;73.03629032;0.77016129
GE;1706;17;6;20.125;3.1875;67.51666667;0.8125
GE;1707;17;7;20.56854839;3.197580645;70.15322581;1.112903226
GE;1708;17;8;19.60080645;2.552419355;75.04435484;1.044354839
GE;1709;17;9;14.0625;3.004166667;81.26666667;0.95
GE;1710;17;10;12.04435484;3.096774194;84.77016129;0.334677419
GE;1711;17;11;5.920833333;3.266666667;88.69166667;0.783333333
GE;1712;17;12;4.02016129;4.471774194;89.44758065;0.733870968
GE;1801;18;1;6.612903226;4.786290323;88.40725806;1.338709677
GE;1802;18;2;0.504464286;3.616071429;78.08928571;0.46875
GE;1803;18;3;5.302419355;3.810483871;80.50806452;0.766129032
GE;1804;18;4;13.28333333;3.370833333;71.19583333;0.458333333
GE;1805;18;5;16.29032258;2.762096774;73.99193548;1.217741935
GE;1806;18;6;19.30416667;2.558333333;72.84583333;0.825
GE;1807;18;7;22.50403226;2.60483871;58.63709677;0.544354839
GE;1808;18;8;21.03629032;2.899193548;65.01612903;0.915322581
GE;1809;18;9;16.42916667;2.775;68.55;0.429166667
GE;1810;18;10;11.87096774;3.016129032;78.2983871;0.338709677
GE;1811;18;11;6.733333333;3.225;86.85833333;0.475
GE;1812;18;12;5.314516129;4.237903226;89.27822581;0.745967742
GE;1901;19;1;2.181451613;3.75;88.88709677;0.411290323
GE;1902;19;2;5.245535714;3.183035714;77.92857143;0.334821429
GE;1903;19;3;8.262096774;5.120967742;73.72177419;0.552419355
GE;1904;19;4;10.09583333;3.183333333;72.60833333;0.654166667
GE;1905;19;5;12.41935484;3.141129032;73.33870968;0.947580645
GE;1906;19;6;19.96666667;3.158333333;68.67916667;0.758333333
GE;1907;19;7;21.39516129;3.040322581;56.51612903;0.52016129
GE;1908;19;8;20.39919355;2.826612903;63.51209677;0.97983871
GE;1909;19;9;15.77083333;3.408333333;68.35;0.429166667
GE;1910;19;10;12.71370968;4.084677419;83.02419355;1.185483871
GE;1911;19;11;6.320833333;3.779166667;89.20833333;0.775
GE;1912;19;12;5.294354839;4.423387097;86.48790323;0.939516129
GE;2001;20;1;4.552419355;3.903225806;87.40322581;0.27016129
GE;2002;20;2;7.439655172;6.090517241;79.96551724;1.198275862
GE;2003;20;3;7.346774194;4.661290323;71.39516129;0.508064516
GE;2004;20;4;13.175;3.0375;59.2625;0.241666667
GE;2005;20;5;14.76209677;3.137096774;64.9516129;0.717741935
GE;2006;20;6;17.6375;3.208333333;71.925;1.1375
GE;2007;20;7;20.44354839;3.209677419;59.18951613;0.116935484
GE;2008;20;8;21.60080645;3.169354839;61.72580645;0.802419355
GE;2009;20;9;17.2;2.883333333;67.07916667;0.441666667
GE;2010;20;10;11.37903226;4.532258065;83.83870968;0.97983871
GE;2011;20;11;7.354166667;2.9875;85.55416667;0.191666667
GE;2012;20;12;5.064516129;4.290322581;89.49596774;0.846774194
GE;2101;21;1;2.721774194;3.931451613;88.23387097;0.858870968
GE;2102;21;2;5.334821429;4.160714286;76.29910714;0.5
GE;2103;21;3;6.580645161;3.733870968;72.06854839;0.475806452
GE;2104;21;4;8.283333333;3.2375;64;0.3875
GE;2105;21;5;11.98387097;4.157258065;72.47580645;1.22983871
GE;2106;21;6;19.6875;2.679166667;75.3875;1.679166667
GE;2107;21;7;18.95564516;3.254032258;75.83467742;1.612903226
GE;2108;21;8;18.11290323;3.137096774;75.85483871;0.822580645
GE;2109;21;9;16.60833333;2.320833333;78.3375;0.5375
GE;2110;21;10;10.58064516;3.383064516;82.83064516;0.512096774
HF;1301;13;1;2.75;4.314516129;89.91532258;0.181451613
HF;1302;13;2;2.165178571;4.549107143;84.66071429;0.285714286
HF;1303;13;3;3.491935484;4.633064516;77.58467742;0.274193548
HF;1304;13;4;8.625;4.841666667;70.25833333;0.15
HF;1305;13;5;10.84677419;4.455645161;78.10887097;0.451612903
HF;1306;13;6;15.2;4.379166667;76.875;0.316666667
HF;1307;13;7;19.52016129;3.612903226;73.35887097;0.379032258
HF;1308;13;8;18.35483871;3.366935484;73.15725806;0.27016129
HF;1309;13;9;15.07916667;3.366666667;80.44583333;0.429166667
HF;1310;13;10;12.89516129;4.435483871;85.78629032;0.733870968
HF;1311;13;11;6.8625;3.9875;89.09583333;0.7375
HF;1312;13;12;6.068548387;4.862903226;84.18548387;0.318548387
HF;1401;14;1;6.225806452;5.306451613;86.45967742;0.540322581
HF;1402;14;2;6.611607143;5.928571429;80.51785714;0.575892857
HF;1403;14;3;8.584677419;3.774193548;75.44354839;0.193548387
HF;1404;14;4;11.5625;3.458333333;74.1875;0.3125
HF;1405;14;5;13.14919355;4.149193548;75.47177419;0.576612903
HF;1406;14;6;16.175;3.054166667;73.85416667;0.3625
HF;1407;14;7;18.69758065;3.375;78.79435484;0.689516129
HF;1408;14;8;16.23387097;3.528225806;80.23790323;0.903225806
HF;1409;14;9;16.5625;2.679166667;81.72083333;0.345833333
HF;1410;14;10;13.68951613;3.822580645;84.35887097;0.302419355
HF;1411;14;11;9.033333333;3.479166667;88.88333333;0.4
HF;1412;14;12;5.169354839;4.641129032;87.53629032;0.439516129
HF;1501;15;1;4.185483871;4.822580645;86.69758065;0.536290323
HF;1502;15;2;3.727678571;4.151785714;85.24107143;0.4375
HF;1503;15;3;6.899193548;4.887096774;78.5483871;0.278225806
HF;1504;15;4;10.32916667;4.0125;71.05833333;0.195833333
HF;1505;15;5;12.73387097;4.310483871;73.34274194;0.415322581
HF;1506;15;6;16.25416667;4.183333333;68.12083333;0.225
HF;1507;15;7;18.25;4.193548387;72.54435484;0.35483871
HF;1508;15;8;18.65725806;3.161290323;73.39919355;0.786290323
HF;1509;15;9;13.56666667;3.754166667;78.17916667;0.370833333
HF;1510;15;10;10.73790323;2.947580645;84.45564516;0.298387097
HF;1511;15;11;10.48333333;5.1875;85.2;0.729166667
HF;1512;15;12;9.798387097;5.040322581;83.83467742;0.245967742
HF;1601;16;1;5.52016129;5.036290323;84.06451613;0.532258065
HF;1602;16;2;5.443965517;5.293103448;82.57758621;0.474137931
HF;1603;16;3;6.225806452;4.633064516;77.32258065;0.35483871
HF;1604;16;4;8.845833333;4.083333333;74.8375;0.395833333
HF;1605;16;5;13.91935484;3.536290323;74.80241935;0.758064516
HF;1606;16;6;15.97916667;3.533333333;83.87916667;0.725
HF;1607;16;7;18.25;3.491935484;75.13306452;0.254032258
HF;1608;16;8;18.73790323;3.512096774;74.97580645;0.237903226
HF;1609;16;9;17.73333333;2.833333333;77.34166667;0.333333333
HF;1610;16;10;10.63306452;3.092741935;84.54032258;0.326612903
HF;1611;16;11;6.841666667;4.079166667;86.52916667;0.495833333
HF;1612;16;12;4.455645161;2.947580645;89.63709677;0.10483871
HF;1701;17;1;1.919354839;3.233870968;87.50403226;0.262096774
HF;1702;17;2;6.299107143;4.683035714;86.91964286;0.352678571
HF;1703;17;3;9.649193548;4.77016129;76.90725806;0.262096774
HF;1704;17;4;9.458333333;3.366666667;68.85416667;0.05
HF;1705;17;5;15.02419355;3.580645161;73.51209677;0.387096774
HF;1706;17;6;18.79166667;4.141666667;68.67083333;0.233333333
HF;1707;17;7;18.81451613;3.737903226;71.33870968;0.205645161
HF;1708;17;8;18.01612903;3.008064516;75.06451613;0.584677419
HF;1709;17;9;14.4125;3.354166667;81.15416667;0.775
HF;1710;17;10;13.64112903;4.137096774;81.46774194;0.266129032
HF;1711;17;11;7.333333333;3.566666667;85.76666667;0.804166667
HF;1712;17;12;5.262096774;4.830645161;88.99193548;0.802419355
HF;1801;18;1;6.471774194;5.338709677;86.82258065;0.608870968
HF;1802;18;2;1.799107143;4.723214286;75.36160714;0.174107143
HF;1803;18;3;5.697580645;4.612903226;79.73790323;0.411290323
HF;1804;18;4;12.38333333;4.004166667;75.025;0.383333333
HF;1805;18;5;15.10080645;3.387096774;74.77016129;0.540322581
HF;1806;18;6;17.2375;3.7875;75.02916667;0.033333333
HF;1807;18;7;21.53629032;3.185483871;61.84677419;0.129032258
HF;1808;18;8;18.93548387;3.516129032;71.97177419;0.540322581
HF;1809;18;9;15.19583333;3.3125;74.8375;0.229166667
HF;1810;18;10;12.37903226;3.447580645;79.27016129;0.201612903
HF;1811;18;11;7.475;3.841666667;86.325;0.2625
HF;1812;18;12;6.564516129;4.431451613;88.36290323;0.528225806
HF;1901;19;1;3.721774194;3.983870968;87.24193548;0.217741935
HF;1902;19;2;6.723214286;3.84375;80.23214286;0.223214286
HF;1903;19;3;8.891129032;5.685483871;78.24596774;0.427419355
HF;1904;19;4;10.625;3.770833333;69.67916667;0.266666667
HF;1905;19;5;12.43548387;3.850806452;72.57258065;0.153225806
HF;1906;19;6;17.575;3.595833333;73.3;0.45
HF;1907;19;7;19.41935484;3.512096774;66.60080645;0.245967742
HF;1908;19;8;18.98790323;3.201612903;70.97983871;0.262096774
HF;1909;19;9;15.475;3.820833333;74.85833333;0.308333333
HF;1910;19;10;12.53629032;4.056451613;83.28225806;0.689516129
HF;1911;19;11;7.241666667;3.820833333;87.24583333;0.55
HF;1912;19;12;6.173387097;4.620967742;86.80241935;0.5
HF;2001;20;1;6.120967742;4.161290323;89.02016129;0.185483871
HF;2002;20;2;7.75;6.810344828;80.75862069;0.75
HF;2003;20;3;7.322580645;5.25;73.40725806;0.391129032
HF;2004;20;4;12.61666667;3.595833333;63.125;0.233333333
HF;2005;20;5;14.22177419;4.100806452;63.26209677;0.120967742
HF;2006;20;6;17.1625;3.5;70.10416667;0.4125
HF;2007;20;7;17.97580645;4.100806452;70.24596774;0.173387097
HF;2008;20;8;20.70967742;3.620967742;69.76209677;0.64516129
HF;2009;20;9;16.61666667;3.6125;74.70833333;0.120833333
HF;2010;20;10;11.79435484;4.39516129;84.81048387;0.685483871
HF;2011;20;11;9.375;3.5625;87.89583333;0.316666667
HF;2012;20;12;6.052419355;4.040322581;91.5;0.532258065
HF;2101;21;1;3.64516129;3.879032258;91.49193548;0.822580645
HF;2102;21;2;5.352678571;4.5;79.69196429;0.214285714
HF;2103;21;3;7.366935484;4.379032258;76.45564516;0.193548387
HF;2104;21;4;7.370833333;4.145833333;67.5625;0.120833333
HF;2105;21;5;11.8266129;4.491935484;73.66532258;0.455645161
HF;2106;21;6;17.66666667;3.170833333;79.49166667;0.945833333
HF;2107;21;7;18.28629032;3.52016129;79.04435484;0.52016129
HF;2108;21;8;16.98790323;3.705645161;82.08870968;0.411290323
HF;2109;21;9;17.10416667;2.9875;78.49166667;0.216666667
HF;2110;21;10;11.75;3.532258065;85.71774194;0.491935484
IDF;1301;13;1;3.467741935;3.314516129;87.77419355;0.181451613
IDF;1302;13;2;2.553571429;4.133928571;81.04017857;0.183035714
IDF;1303;13;3;4.850806452;3.633064516;74.06048387;0.169354839
IDF;1304;13;4;10.24583333;4.05;65.12083333;0.108333333
IDF;1305;13;5;12.02419355;3.532258065;74.02419355;0.298387097
IDF;1306;13;6;16.9;3.775;70.77083333;0.404166667
IDF;1307;13;7;22.125;3.810483871;64.95967742;0.14516129
IDF;1308;13;8;19.79435484;3.012096774;64.65725806;0.120967742
IDF;1309;13;9;16.45833333;3.091666667;75.7125;0.275
IDF;1310;13;10;13.74596774;3.370967742;83.60080645;0.181451613
IDF;1311;13;11;7.2125;3.7875;83.97916667;0.3375
IDF;1312;13;12;5.536290323;3.419354839;83.68548387;0.213709677
IDF;1401;14;1;6.705645161;3.850806452;86.44354839;0.189516129
IDF;1402;14;2;7.053571429;4.714285714;79.91964286;0.3125
IDF;1403;14;3;9.10483871;3.012096774;69.07258065;0.036290323
IDF;1404;14;4;12.34166667;3.1375;68.69583333;0.195833333
IDF;1405;14;5;13.8266129;3.879032258;71.10887097;0.350806452
IDF;1406;14;6;17.84166667;3.725;66.04583333;0.258333333
IDF;1407;14;7;20.15322581;3.153225806;70.17741935;0.516129032
IDF;1408;14;8;17.30241935;3.245967742;74.14919355;0.326612903
IDF;1409;14;9;17.58333333;2.720833333;72.15416667;0.0375
IDF;1410;14;10;13.97983871;2.838709677;81.77419355;0.161290323
IDF;1411;14;11;9.675;2.829166667;86.50833333;0.229166667
IDF;1412;14;12;5.245967742;3.866935484;85.95564516;0.245967742
IDF;1501;15;1;4.266129032;3.842741935;85.94758065;0.125
IDF;1502;15;2;3.790178571;4.004464286;82.53571429;0.1875
IDF;1503;15;3;7.830645161;3.887096774;73.38709677;0.137096774
IDF;1504;15;4;12.06666667;3.4625;65.2875;0.195833333
IDF;1505;15;5;14.1733871;3.451612903;72.14112903;0.181451613
IDF;1506;15;6;18.95833333;4.058333333;59.50833333;0.020833333
IDF;1507;15;7;21.51612903;3.766129032;58.95564516;0.068548387
IDF;1508;15;8;21.06451613;3.008064516;63.47177419;0.286290323
IDF;1509;15;9;14.57083333;3.8;74.13333333;0.2875
IDF;1510;15;10;11.10080645;2.866935484;83.4516129;0.169354839
IDF;1511;15;11;10.7125;3.804166667;85.9625;0.2
IDF;1512;15;12;9.161290323;3.415322581;85.79032258;0.088709677
IDF;1601;16;1;5.350806452;3.903225806;86.43951613;0.177419355
IDF;1602;16;2;5.814655172;4.650862069;81.29310345;0.202586207
IDF;1603;16;3;6.741935484;4.330645161;75.64112903;0.334677419
IDF;1604;16;4;9.5875;3.483333333;74.2125;0.166666667
IDF;1605;16;5;14.4516129;3.290322581;74.79032258;0.600806452
IDF;1606;16;6;17.25;3.1875;81.025;0.358333333
IDF;1607;16;7;20.56048387;3.14516129;66.18548387;0.044354839
IDF;1608;16;8;21.09274194;3.076612903;64.41129032;0.120967742
IDF;1609;16;9;18.34166667;2.275;74.45833333;0.1375
IDF;1610;16;10;10.93145161;2.919354839;82.79032258;0.100806452
IDF;1611;16;11;7.466666667;3.516666667;85.38333333;0.245833333
IDF;1612;16;12;3.939516129;2.052419355;87.93951613;0.060483871
IDF;1701;17;1;1.766129032;2.951612903;83.19354839;0.092741935
IDF;1702;17;2;6.883928571;3.691964286;78.61160714;0.1875
IDF;1703;17;3;10.29032258;3.588709677;72.5;0.290322581
IDF;1704;17;4;10.49166667;3.108333333;61.075;0.054166667
IDF;1705;17;5;16.26612903;3.266129032;67.18951613;0.189516129
IDF;1706;17;6;20.62916667;3.3;60.75416667;0.166666667
IDF;1707;17;7;20.90725806;3.455645161;62.78225806;0.129032258
IDF;1708;17;8;19.51209677;2.697580645;68.78225806;0.318548387
IDF;1709;17;9;14.7875;2.925;76.90833333;0.479166667
IDF;1710;17;10;13.52419355;2.939516129;80.12096774;0.080645161
IDF;1711;17;11;7.475;3.020833333;82.23333333;0.179166667
IDF;1712;17;12;5.350806452;4.052419355;86.80241935;0.399193548
IDF;1801;18;1;7.512096774;4.495967742;87.35080645;0.435483871
IDF;1802;18;2;1.455357143;4.325892857;78.05803571;0.1875
IDF;1803;18;3;6.866935484;4.02016129;77.86290323;0.302419355
IDF;1804;18;4;13.39583333;3.429166667;70.24583333;0.15
IDF;1805;18;5;16.39112903;3.516129032;68.97177419;0.209677419
IDF;1806;18;6;19.5125;3.5625;69.31666667;0.575
IDF;1807;18;7;23.61290323;3.209677419;56.35080645;0.080645161
IDF;1808;18;8;21.29032258;3.27016129;61.31451613;0.137096774
IDF;1809;18;9;16.90416667;3.225;65.80833333;0.033333333
IDF;1810;18;10;13.61290323;3.504032258;73.39516129;0.080645161
IDF;1811;18;11;7.870833333;3.295833333;86.96666667;0.254166667
IDF;1812;18;12;6.709677419;3.97983871;88.26612903;0.25
IDF;1901;19;1;4.10483871;3.818548387;84.13709677;0.14516129
IDF;1902;19;2;6.897321429;3.223214286;76.04017857;0.1875
IDF;1903;19;3;9.298387097;5.016129032;72.38306452;0.161290323
IDF;1904;19;4;11.54583333;3.733333333;63.54166667;0.0625
IDF;1905;19;5;13.55241935;3.612903226;67.81048387;0.39516129
IDF;1906;19;6;19.82083333;3.608333333;67.49166667;0.204166667
IDF;1907;19;7;22.56854839;3.72983871;52.89919355;0.036290323
IDF;1908;19;8;21.05241935;3.141129032;61.96774194;0.254032258
IDF;1909;19;9;17.15416667;3.979166667;65.95;0.108333333
IDF;1910;19;10;13.26209677;4.181451613;83.21370968;0.22983871
IDF;1911;19;11;7.854166667;3.766666667;87.3125;0.383333333
IDF;1912;19;12;6.794354839;4.165322581;85.08870968;0.334677419
IDF;2001;20;1;6.346774194;4.076612903;86.77419355;0.056451613
IDF;2002;20;2;8.659482759;5.969827586;79.02155172;0.353448276
IDF;2003;20;3;8.596774194;4.983870968;69.87096774;0.209677419
IDF;2004;20;4;14.6125;3.404166667;58.00833333;0.045833333
IDF;2005;20;5;16.28629032;3.963709677;58.29032258;0.217741935
IDF;2006;20;6;18.3625;3.658333333;66.60416667;0.295833333
IDF;2007;20;7;21.06451613;3.862903226;55.49193548;0.008064516
IDF;2008;20;8;22.23790323;3.427419355;61.60483871;0.225806452
IDF;2009;20;9;18.68333333;3.395833333;65.175;0.154166667
IDF;2010;20;10;12.28225806;4.217741935;82.85887097;0.350806452
IDF;2011;20;11;9.533333333;2.991666667;84.47083333;0.045833333
IDF;2012;20;12;6.528225806;4.092741935;89.86290323;0.47983871
IDF;2101;21;1;4.439516129;3.951612903;86.66935484;0.318548387
IDF;2102;21;2;6.696428571;4.004464286;75.5;0.191964286
IDF;2103;21;3;8.266129032;4.064516129;68.85887097;0.100806452
IDF;2104;21;4;9.4875;4.204166667;60.02083333;0.120833333
IDF;2105;21;5;12.73790323;4.278225806;70.23790323;0.290322581
IDF;2106;21;6;19.74583333;2.9375;71.03333333;0.425
IDF;2107;21;7;19.89112903;3.681451613;70.85887097;0.346774194
IDF;2108;21;8;18.91129032;3.717741935;70.50403226;0.068548387
IDF;2109;21;9;18.44166667;2.879166667;73.1625;0.275
IDF;2110;21;10;12.31854839;3.294354839;80.80241935;0.233870968
N;1301;13;1;4.846774194;4.72983871;87.14516129;0.766129032
N;1302;13;2;3.678571429;4.397321429;81.20982143;0.495535714
N;1303;13;3;4.620967742;4.282258065;81.56451613;0.608870968
N;1304;13;4;8.545833333;4.875;74.925;0.3625
N;1305;13;5;10.73387097;4.411290323;78.89516129;0.721774194
N;1306;13;6;14.525;4.241666667;80.24166667;0.4125
N;1307;13;7;18.75806452;3.504032258;77.90322581;0.620967742
N;1308;13;8;17.86693548;3.625;73.22983871;0.379032258
N;1309;13;9;15.6125;3.7125;79.69166667;0.508333333
N;1310;13;10;13.5766129;4.842741935;84.125;0.862903226
N;1311;13;11;8.1;4.3375;84.425;1.095833333
N;1312;13;12;6.705645161;5.471774194;83.8266129;0.907258065
N;1401;14;1;7.189516129;5.939516129;85.82258065;1.129032258
N;1402;14;2;7.232142857;6.709821429;80.00892857;1.178571429
N;1403;14;3;8.532258065;4.169354839;79.55645161;0.431451613
N;1404;14;4;10.72916667;3.65;79.95416667;0.741666667
N;1405;14;5;12.58870968;4.25;79.81854839;1.084677419
N;1406;14;6;15.975;3.2375;77.32916667;0.408333333
N;1407;14;7;18.39112903;3.766129032;77.19758065;0.681451613
N;1408;14;8;16.34677419;4.149193548;78.41129032;1.100806452
N;1409;14;9;16.675;2.7;79.5375;0.091666667
N;1410;14;10;13.64516129;4.185483871;83.49596774;0.782258065
N;1411;14;11;10.04166667;4.3375;87.20833333;0.841666667
N;1412;14;12;6.637096774;5.112903226;84.02822581;0.697580645
N;1501;15;1;5.616935484;5.532258065;84.33064516;0.891129032
N;1502;15;2;4.642857143;4.705357143;83.04910714;0.651785714
N;1503;15;3;7.467741935;4.834677419;80.74596774;0.318548387
N;1504;15;4;10.675;3.529166667;76.6;0.295833333
N;1505;15;5;12.54032258;4.282258065;79.36290323;0.556451613
N;1506;15;6;15.79166667;3.8375;75.04583333;0.408333333
N;1507;15;7;17.83064516;4.060483871;77.02822581;0.467741935
N;1508;15;8;18.06854839;3.35483871;80.1733871;1.25
N;1509;15;9;14.04583333;3.895833333;78.27916667;0.570833333
N;1510;15;10;11.75806452;3.387096774;83.75403226;0.399193548
N;1511;15;11;11.3125;5.441666667;85.1;0.666666667
N;1512;15;12;10.16935484;5.633064516;83.66129032;0.387096774
N;1601;16;1;6.274193548;5.766129032;85.91935484;1.036290323
N;1602;16;2;6.36637931;5.594827586;81.86637931;0.887931034
N;1603;16;3;6.693548387;4.657258065;81.66129032;0.778225806
N;1604;16;4;8.691666667;4.208333333;79.7625;0.570833333
N;1605;16;5;12.99596774;3.608870968;80.26612903;0.798387097
N;1606;16;6;15.47916667;3.475;85.57916667;0.7125
N;1607;16;7;17.78225806;3.528225806;76.68951613;0.213709677
N;1608;16;8;18.47580645;3.709677419;75.66129032;0.274193548
N;1609;16;9;17.38333333;3.383333333;77.92083333;0.4625
N;1610;16;10;11.19354839;3.133064516;82.40725806;0.387096774
N;1611;16;11;8.266666667;4.55;83.78333333;0.870833333
N;1612;16;12;5.443548387;3.112903226;89.5766129;0.181451613
N;1701;17;1;3.258064516;3.576612903;86.33870968;0.419354839
N;1702;17;2;6.933035714;5.022321429;85.55357143;0.633928571
N;1703;17;3;9.713709677;4.685483871;82.74193548;0.653225806
N;1704;17;4;9.579166667;3.033333333;76.50416667;0.2375
N;1705;17;5;14.14112903;3.556451613;79.94758065;0.907258065
N;1706;17;6;17.7;3.670833333;76.1;0.35
N;1707;17;7;18.31854839;4.10483871;76.50806452;0.362903226
N;1708;17;8;17.58870968;3.612903226;78.02822581;0.697580645
N;1709;17;9;14.48333333;4.083333333;83.56666667;0.875
N;1710;17;10;13.59677419;4.008064516;85.0766129;0.366935484
N;1711;17;11;8.729166667;4.379166667;84.3375;0.808333333
N;1712;17;12;6.72983871;5.451612903;87.26612903;1.241935484
N;1801;18;1;7.669354839;5.870967742;88.13306452;1.233870968
N;1802;18;2;3.191964286;4.611607143;77.11607143;0.424107143
N;1803;18;3;6.455645161;4.97983871;83.64112903;0.951612903
N;1804;18;4;11.45833333;3.8875;81.875;0.754166667
N;1805;18;5;13.6733871;3.25;82.00403226;0.641129032
N;1806;18;6;16.74583333;2.9875;83.36666667;0.679166667
N;1807;18;7;20.08870968;2.967741935;74.92741935;0.366935484
N;1808;18;8;18.41532258;3.536290323;78.39112903;0.463709677
N;1809;18;9;15.67916667;3.641666667;76.14583333;0.279166667
N;1810;18;10;12.53629032;3.705645161;82.34274194;0.794354839
N;1811;18;11;8.145833333;4.454166667;86.84583333;0.795833333
N;1812;18;12;7.463709677;5.177419355;89.00403226;0.887096774
N;1901;19;1;4.826612903;4.157258065;85.31854839;0.447580645
N;1902;19;2;6.46875;4.339285714;82.48214286;0.424107143
N;1903;19;3;8.955645161;5.673387097;82.375;0.540322581
N;1904;19;4;10.025;3.729166667;76.20416667;0.345833333
N;1905;19;5;12.10483871;3.681451613;78.83064516;0.431451613
N;1906;19;6;16.4375;3.533333333;79.82916667;0.8625
N;1907;19;7;19.10483871;3.725806452;71.74193548;0.27016129
N;1908;19;8;18.26209677;3.991935484;75.85483871;0.387096774
N;1909;19;9;15.825;4.729166667;77.375;0.433333333
N;1910;19;10;12.84677419;4.862903226;86.27822581;1.391129032
N;1911;19;11;7.941666667;4.720833333;89.7875;1.545833333
N;1912;19;12;7.177419355;5.568548387;87.50403226;1.092741935
N;2001;20;1;7.056451613;4.919354839;88.28629032;0.516129032
N;2002;20;2;8.280172414;7.564655172;84.46982759;1.267241379
N;2003;20;3;7.858870968;5.423387097;78.39919355;0.564516129
N;2004;20;4;12.3;3.370833333;75.97083333;0.345833333
N;2005;20;5;13.7983871;3.681451613;74.18951613;0.35483871
N;2006;20;6;16.02083333;3.85;77.2;0.745833333
N;2007;20;7;17.61290323;4.241935484;72.05645161;0.27016129
N;2008;20;8;19.30645161;4.225806452;74.02016129;0.701612903
N;2009;20;9;16.67916667;3.716666667;77.09583333;0.370833333
N;2010;20;10;12.00806452;5.213709677;83.2016129;1.439516129
N;2011;20;11;10.10416667;4.333333333;86.19583333;0.529166667
N;2012;20;12;7.116935484;5.330645161;87.0766129;1.318548387
N;2101;21;1;5.064516129;4.818548387;88.02822581;1.157258065
N;2102;21;2;6.116071429;5.294642857;78.51785714;0.401785714
N;2103;21;3;7.673387097;4.713709677;77.24193548;0.298387097
N;2104;21;4;7.883333333;3.716666667;72.87916667;0.229166667
N;2105;21;5;11.53629032;5.209677419;76.21774194;0.89516129
N;2106;21;6;16.43333333;2.8375;83.16666667;1.458333333
N;2107;21;7;17.76612903;3.899193548;80.47983871;0.97983871
N;2108;21;8;16.89516129;3.987903226;80.59274194;0.35483871
N;2109;21;9;16.8625;3.583333333;80.25416667;0.4375
N;2110;21;10;12.4516129;4.322580645;84.52016129;1.048387097
NlleA;1301;13;1;5.512096774;4.588709677;87.76612903;1.22983871
NlleA;1302;13;2;4.745535714;5.459821429;80.91517857;0.852678571
NlleA;1303;13;3;7.923387097;4.762096774;78.59274194;0.862903226
NlleA;1304;13;4;10.97083333;4.3625;75.375;0.9
NlleA;1305;13;5;11.98387097;3.798387097;79.8266129;1.350806452
NlleA;1306;13;6;16.45416667;3.75;79.77083333;1.4125
NlleA;1307;13;7;22.58870968;3.467741935;74.91129032;0.633064516
NlleA;1308;13;8;19.99193548;3.149193548;73.89919355;0.455645161
NlleA;1309;13;9;17.60833333;3.220833333;78.65833333;0.983333333
NlleA;1310;13;10;15.1733871;4.383064516;82.93145161;1.169354839
NlleA;1311;13;11;8.35;6.616666667;83.37083333;1.129166667
NlleA;1312;13;12;6.419354839;4.991935484;85.2983871;0.774193548
NlleA;1401;14;1;8.391129032;5.495967742;87.4233871;1.576612903
NlleA;1402;14;2;8.053571429;7.299107143;81.00892857;1.450892857
NlleA;1403;14;3;9.786290323;4.116935484;75.18951613;0.685483871
NlleA;1404;14;4;12.825;4.345833333;75.04583333;0.816666667
NlleA;1405;14;5;13.90725806;4.862903226;75.89516129;1.383064516
NlleA;1406;14;6;19.18333333;4.183333333;72.7625;0.8
NlleA;1407;14;7;19.96370968;4.052419355;76.85483871;1.318548387
NlleA;1408;14;8;18.48387097;4.024193548;75.625;1.254032258
NlleA;1409;14;9;18.95833333;3.275;74.5125;0.55
NlleA;1410;14;10;15.72983871;3.616935484;82.06048387;0.790322581
NlleA;1411;14;11;11.95;4.520833333;83.9;1.354166667
NlleA;1412;14;12;6.262096774;4.850806452;84.53225806;0.552419355
NlleA;1501;15;1;5.745967742;5.044354839;86.16935484;0.983870968
NlleA;1502;15;2;4.986607143;5.59375;80.57589286;0.910714286
NlleA;1503;15;3;9;4.693548387;81.09677419;0.596774194
NlleA;1504;15;4;13.1;3.9875;71.3125;0.554166667
NlleA;1505;15;5;15.15322581;4.830645161;76.38306452;0.544354839
NlleA;1506;15;6;19.4625;3.904166667;74.00416667;0.95
NlleA;1507;15;7;21.23790323;3.931451613;72.90725806;0.286290323
NlleA;1508;15;8;20.56854839;3.608870968;75.20564516;1.310483871
NlleA;1509;15;9;15.86666667;4.795833333;75.36666667;1.166666667
NlleA;1510;15;10;12.53629032;4.221774194;79.67741935;0.705645161
NlleA;1511;15;11;11.77916667;4.8375;84.45416667;0.554166667
NlleA;1512;15;12;9.483870968;4.278225806;84.61290323;0.157258065
NlleA;1601;16;1;7.85483871;5.782258065;85.83064516;1.782258065
NlleA;1602;16;2;7.512931034;6.073275862;82.55172414;1.310344828
NlleA;1603;16;3;8.245967742;5.584677419;77.60080645;0.983870968
NlleA;1604;16;4;10.65;4.2125;75.3375;0.716666667
NlleA;1605;16;5;14.7016129;4.012096774;77.2016129;1.334677419
NlleA;1606;16;6;17.71666667;4.2875;76.70416667;1.066666667
NlleA;1607;16;7;20.39919355;3.637096774;72.79435484;0.108870968
NlleA;1608;16;8;21.16935484;3.407258065;71.06854839;0.193548387
NlleA;1609;16;9;19.15833333;3.0875;74.4;0.495833333
NlleA;1610;16;10;12.75;3.528225806;74.94354839;0.439516129
NlleA;1611;16;11;9.304166667;4.979166667;82.72083333;1.1125
NlleA;1612;16;12;6.737903226;3.056451613;87.69758065;0.153225806
NlleA;1701;17;1;3.637096774;4.258064516;81.29032258;0.310483871
NlleA;1702;17;2;8.09375;5.071428571;83.12946429;0.803571429
NlleA;1703;17;3;10.73387097;4.584677419;81.16532258;0.866935484
NlleA;1704;17;4;11.70833333;4.395833333;68.65;0.3125
NlleA;1705;17;5;16.68145161;3.455645161;73.60080645;1.004032258
NlleA;1706;17;6;20.52083333;3.6875;70.3125;1.058333333
NlleA;1707;17;7;20.50806452;4.60483871;74.21774194;0.689516129
NlleA;1708;17;8;20.47177419;4.032258065;72.68145161;0.471774194
NlleA;1709;17;9;15.98333333;4.1875;76.95416667;0.9375
NlleA;1710;17;10;14.97580645;3.971774194;81.87903226;0.334677419
NlleA;1711;17;11;8.2875;4.6;82.59166667;0.616666667
NlleA;1712;17;12;6.177419355;5.524193548;87.7016129;1.262096774
NlleA;1801;18;1;8.600806452;6.088709677;90.41935484;1.548387097
NlleA;1802;18;2;3.78125;5.71875;80.27678571;0.732142857
NlleA;1803;18;3;8.39516129;5.858870968;81.54032258;1.47983871
NlleA;1804;18;4;13.39166667;3.775;75.925;1.054166667
NlleA;1805;18;5;15.38709677;4.076612903;78.26209677;1.125
NlleA;1806;18;6;19.74583333;3.916666667;74.35833333;1.375
NlleA;1807;18;7;22.25;3.411290323;71.91129032;0.899193548
NlleA;1808;18;8;21.49193548;3.806451613;71.24193548;0.245967742
NlleA;1809;18;9;18.79166667;3.8625;70.84166667;0.241666667
NlleA;1810;18;10;13.90725806;4.705645161;79.00806452;0.544354839
NlleA;1811;18;11;9.395833333;4.591666667;85.90416667;0.945833333
NlleA;1812;18;12;8.459677419;5.254032258;89.62096774;1.024193548
NlleA;1901;19;1;5.108870968;4.919354839;83.83064516;0.826612903
NlleA;1902;19;2;8.558035714;4.147321429;79.94196429;0.424107143
NlleA;1903;19;3;10.21774194;6.012096774;74.73387097;0.516129032
NlleA;1904;19;4;11.70833333;4.483333333;72.08333333;1.104166667
NlleA;1905;19;5;13.78225806;4.814516129;73.91935484;0.826612903
NlleA;1906;19;6;19.05416667;4.275;75.49583333;1.125
NlleA;1907;19;7;22.39919355;4.008064516;66.93145161;0.536290323
NlleA;1908;19;8;20.99193548;3.737903226;72.39112903;0.431451613
NlleA;1909;19;9;18.24166667;5.025;72.9625;0.7375
NlleA;1910;19;10;14.96370968;5.004032258;87.625;1.512096774
NlleA;1911;19;11;9.025;6.075;87.17083333;2.8375
NlleA;1912;19;12;8.77016129;6.25;88.75806452;1.233870968
NlleA;2001;20;1;7.814516129;5.685483871;87.47177419;0.72983871
NlleA;2002;20;2;9.538793103;6.560344828;84.49568966;0.681034483
NlleA;2003;20;3;9.592741935;5.616935484;78.69758065;1.040322581
NlleA;2004;20;4;14.45833333;3.925;75.9625;1.004166667
NlleA;2005;20;5;17.13709677;4.556451613;73.99193548;1.165322581
NlleA;2006;20;6;17.42916667;4.729166667;76.75;1.275
NlleA;2007;20;7;21.22177419;4.314516129;64.54435484;0.044354839
NlleA;2008;20;8;21.56048387;3.810483871;71.49193548;0.701612903
NlleA;2009;20;9;18.6375;4.029166667;72.10833333;1.154166667
NlleA;2010;20;10;12.8266129;5.887096774;80.83870968;1.959677419
NlleA;2011;20;11;10.75;4.129166667;80.74583333;0.3125
NlleA;2012;20;12;7.39516129;5.866935484;85.93951613;2.185483871
NlleA;2101;21;1;5.060483871;5.370967742;84.58467742;1.22983871
NlleA;2102;21;2;9.107142857;5.361607143;79.84821429;0.928571429
NlleA;2103;21;3;9.294354839;4.745967742;70.90322581;0.262096774
NlleA;2104;21;4;11.40416667;4.666666667;59.90416667;0.325
NlleA;2105;21;5;13.61693548;5.745967742;72.5766129;1.161290323
NlleA;2106;21;6;19.4375;3.483333333;75.3625;1.7
NlleA;2107;21;7;19.65725806;4.459677419;72.98790323;0.745967742
NlleA;2108;21;8;19.31048387;4.197580645;71.33064516;0.298387097
NlleA;2109;21;9;18.86666667;3.3125;74.07916667;1.045833333
NlleA;2110;21;10;13.25403226;4.491935484;77.42741935;0.467741935
O;1301;13;1;4.983870968;4.669354839;75.31451613;1.540322581
O;1302;13;2;4.513392857;5.892857143;69.66964286;1.174107143
O;1303;13;3;8.629032258;4.887096774;74.41129032;1.891129032
O;1304;13;4;11.09166667;4.741666667;70.125;1.2625
O;1305;13;5;12.54435484;5.177419355;67.89112903;1.782258065
O;1306;13;6;17.5375;5.470833333;63.99166667;1.054166667
O;1307;13;7;23.36290323;3.375;60.86693548;0.794354839
O;1308;13;8;21.61693548;4.411290323;56.76612903;0.60483871
O;1309;13;9;18.43333333;4.354166667;65.8875;0.841666667
O;1310;13;10;15.84677419;4.379032258;73.20564516;0.967741935
O;1311;13;11;8.1875;6.354166667;70.23333333;2.320833333
O;1312;13;12;6.370967742;4.064516129;74.59274194;0.524193548
O;1401;14;1;7.762096774;3.915322581;83.5766129;1.625
O;1402;14;2;7.513392857;4.745535714;76.25;1.071428571
O;1403;14;3;9.790322581;5.072580645;65.37096774;0.89516129
O;1404;14;4;13.55;4.875;66.60416667;1.1625
O;1405;14;5;14.60080645;6.004032258;63.98387097;1.181451613
O;1406;14;6;20.36666667;4.766666667;58.66666667;1.291666667
O;1407;14;7;20.55241935;5.137096774;67.57258065;1.322580645
O;1408;14;8;19.79032258;3.721774194;69.09274194;1.237903226
O;1409;14;9;19.3625;3.554166667;70.00416667;2.616666667
O;1410;14;10;16.59677419;3.620967742;75.47983871;0.47983871
O;1411;14;11;11.8625;4.05;83.125;2.6875
O;1412;14;12;6.302419355;5.689516129;73.875;1.012096774
O;1501;15;1;5.733870968;4.899193548;71.12096774;0.822580645
O;1502;15;2;4.879464286;5.955357143;69.79464286;1.223214286
O;1503;15;3;9.685483871;5.310483871;70.21370968;1.254032258
O;1504;15;4;13.17916667;4.383333333;64.07916667;1.129166667
O;1505;15;5;16.37096774;5.612903226;61.75403226;0.552419355
O;1506;15;6;21.17916667;4.35;58.95;1.383333333
O;1507;15;7;23.58870968;4.641129032;53.79032258;0.641129032
O;1508;15;8;21.50403226;4.10483871;64.63306452;1.782258065
O;1509;15;9;16.79166667;4.429166667;65.13333333;0.9125
O;1510;15;10;13.2016129;3.766129032;74.93145161;0.75
O;1511;15;11;11.09583333;4.316666667;72.69166667;1.145833333
O;1512;15;12;9.294354839;2.717741935;81.60080645;0.153225806
O;1601;16;1;7.669354839;3.516129032;79.22580645;1.181451613
O;1602;16;2;7.702586207;5.400862069;70.5387931;1.5
O;1603;16;3;8.423387097;5.540322581;67.38306452;0.975806452
O;1604;16;4;11.74166667;5.308333333;64.90833333;1.275
O;1605;16;5;14.85483871;5.693548387;66.15322581;1.282258065
O;1606;16;6;19.025;4.45;62.45;0.658333333
O;1607;16;7;21.86693548;4.818548387;56.31854839;1
O;1608;16;8;22.06854839;4.403225806;54.87096774;0.419354839
O;1609;16;9;19.87916667;4.158333333;59.01666667;0.658333333
O;1610;16;10;13.76209677;3.387096774;71.40725806;1.294354839
O;1611;16;11;9.716666667;4.358333333;77.67916667;1.270833333
O;1612;16;12;6.794354839;3.092741935;77.9233871;0.306451613
O;1701;17;1;3.467741935;5.016129032;70.03629032;1.02016129
O;1702;17;2;8.660714286;5.129464286;77.62053571;1.075892857
O;1703;17;3;11.01209677;4.741935484;69.39919355;1.181451613
O;1704;17;4;12.44166667;5.116666667;57.86666667;0.5
O;1705;17;5;16.78629032;4.028225806;65.16129032;1.25
O;1706;17;6;21.50416667;3.7875;64.79166667;0.929166667
O;1707;17;7;21.83467742;4.685483871;62.56451613;0.552419355
O;1708;17;8;22.03629032;4.096774194;61.56048387;0.745967742
O;1709;17;9;16.39583333;4.1375;67.4125;0.8375
O;1710;17;10;15.2016129;4.193548387;70.75806452;0.560483871
O;1711;17;11;8.195833333;5.325;71.10833333;0.675
O;1712;17;12;5.427419355;5;76.91532258;1.201612903
O;1801;18;1;8.443548387;5.451612903;80.16129032;1.963709677
O;1802;18;2;4.142857143;4.955357143;70.75446429;1.433035714
O;1803;18;3;8.423387097;5.330645161;73.27822581;1.544354839
O;1804;18;4;13.38333333;4.404166667;71.2;1.583333333
O;1805;18;5;15.31854839;4.524193548;73.3266129;1.834677419
O;1806;18;6;20.10833333;4.283333333;65.6125;1.608333333
O;1807;18;7;23.45967742;3.903225806;56.34677419;1.088709677
O;1808;18;8;22.96370968;4.366935484;56.71774194;0.669354839
O;1809;18;9;20.05;3.641666667;61.14583333;0.675
O;1810;18;10;14.375;4.955645161;73.1733871;2.068548387
O;1811;18;11;10.05833333;3.825;81.35416667;1.0625
O;1812;18;12;8.358870968;3.814516129;77.80645161;0.725806452
O;1901;19;1;4.419354839;6.274193548;70.81048387;0.862903226
O;1902;19;2;8.348214286;3.892857143;69.47321429;0.473214286
O;1903;19;3;10.31854839;5.483870968;60.27016129;0.262096774
O;1904;19;4;11.54166667;5.15;67.32083333;1.525
O;1905;19;5;14.15725806;5.806451613;62.85483871;1.14516129
O;1906;19;6;19.99583333;3.770833333;62.5;0.708333333
O;1907;19;7;23.71370968;4.185483871;55.66532258;0.673387097
O;1908;19;8;22.31854839;3.673387097;57.4516129;0.77016129
O;1909;19;9;19.0375;4;62.21666667;0.770833333
O;1910;19;10;15.49596774;3.919354839;78.46774194;1.846774194
O;1911;19;11;8.591666667;4.291666667;79.89166667;1.85
O;1912;19;12;8.862903226;4.967741935;77.94354839;1.298387097
O;2001;20;1;7.076612903;3.866935484;79.99193548;1.165322581
O;2002;20;2;9.685344828;4.370689655;73.34051724;0.448275862
O;2003;20;3;9.64516129;4.758064516;70.76612903;1.036290323
O;2004;20;4;13.70416667;3.745833333;71.90416667;1.508333333
O;2005;20;5;17.84677419;4.431451613;67.21370968;1.370967742
O;2006;20;6;18.7;4.325;68.2375;1.325
O;2007;20;7;22.66935484;4.673387097;57.22177419;0.237903226
O;2008;20;8;22.75;4.27016129;61.30645161;0.778225806
O;2009;20;9;18.95;4.308333333;65.72083333;1.1875
O;2010;20;10;12.69758065;4.439516129;78.69354839;1.326612903
O;2011;20;11;10.94166667;3.708333333;79.94583333;0.7
O;2012;20;12;6.762096774;4.483870968;80.33467742;1.713709677
O;2101;21;1;4.919354839;4.939516129;72.99193548;1.096774194
O;2102;21;2;9.504464286;4.602678571;81.40178571;0.732142857
O;2103;21;3;9.495967742;4.899193548;65.11693548;0.318548387
O;2104;21;4;11.22916667;4.504166667;57.8375;0.525
O;2105;21;5;14.49193548;4.391129032;61.78225806;1.048387097
O;2106;21;6;20.5625;4.383333333;61.43333333;1.470833333
O;2107;21;7;21.09274194;4.350806452;61.56451613;0.899193548
O;2108;21;8;20.91129032;3.907258065;59.42741935;0.411290323
O;2109;21;9;19.37916667;3.283333333;72.0875;1.579166667
O;2110;21;10;13.79435484;4.201612903;67.68145161;0.689516129
PACA;1301;13;1;5.725806452;4.721774194;72.04435484;0.778225806
PACA;1302;13;2;4.933035714;5.848214286;64.26785714;0.549107143
PACA;1303;13;3;9.024193548;5.875;68.76209677;1.379032258
PACA;1304;13;4;12.8125;4.075;71.09583333;0.845833333
PACA;1305;13;5;14.53225806;5.983870968;65.61290323;1.068548387
PACA;1306;13;6;19.52916667;5.833333333;56.5;0.254166667
PACA;1307;13;7;23.98790323;3.915322581;58.43951613;0.532258065
PACA;1308;13;8;23.39919355;4.447580645;55.64516129;0.221774194
PACA;1309;13;9;19.6375;4.816666667;62.75;0.333333333
PACA;1310;13;10;16.78629032;4.266129032;71.01209677;0.64516129
PACA;1311;13;11;10.0125;5.4;69.9125;0.95
PACA;1312;13;12;8.197580645;3.75;76.26612903;1.072580645
PACA;1401;14;1;8.076612903;4.870967742;75.42741935;1.600806452
PACA;1402;14;2;8.383928571;4.78125;73.48660714;1.495535714
PACA;1403;14;3;10.90725806;4.282258065;64.54032258;0.334677419
PACA;1404;14;4;14.30416667;4.925;62.97083333;0.141666667
PACA;1405;14;5;16.33064516;6.040322581;56.02419355;0.294354839
PACA;1406;14;6;21.40833333;4.3125;54.24583333;0.591666667
PACA;1407;14;7;21.97983871;6.165322581;56.95967742;0.459677419
PACA;1408;14;8;21.89112903;4.790322581;59.80645161;0.560483871
PACA;1409;14;9;20.5;4.366666667;65.52083333;0.4625
PACA;1410;14;10;17.36693548;4.084677419;72.31854839;0.919354839
PACA;1411;14;11;12.9875;4.5;75.90416667;3.170833333
PACA;1412;14;12;8.092741935;5.697580645;72.27822581;1.036290323
PACA;1501;15;1;6.995967742;4.834677419;72.06048387;0.661290323
PACA;1502;15;2;6.59375;4.727678571;70.30357143;1.084821429
PACA;1503;15;3;10.73387097;5.10483871;69.04032258;0.407258065
PACA;1504;15;4;13.42083333;4.9125;63.00833333;0.516666667
PACA;1505;15;5;17.7016129;5.278225806;57.41532258;0.233870968
PACA;1506;15;6;22.17083333;4.470833333;55.84166667;0.691666667
PACA;1507;15;7;26.05645161;4.612903226;50.35887097;0.052419355
PACA;1508;15;8;23.30241935;4.370967742;57.5;0.431451613
PACA;1509;15;9;19.07083333;5.0375;60.84583333;0.479166667
PACA;1510;15;10;14.52016129;3.891129032;75.45564516;1.39516129
PACA;1511;15;11;11.6375;4.375;74.34583333;0.329166667
PACA;1512;15;12;9.899193548;2.387096774;83.55645161;0.181451613
PACA;1601;16;1;7.741935484;3.677419355;80.61290323;0.52016129
PACA;1602;16;2;8.797413793;5.24137931;72.43103448;0.926724138
PACA;1603;16;3;9.705645161;5.133064516;67.125;0.383064516
PACA;1604;16;4;13.59166667;5.891666667;61.44166667;0.316666667
PACA;1605;16;5;16.20967742;6.338709677;58.70564516;0.580645161
PACA;1606;16;6;20.33333333;5.345833333;58.66666667;0.4125
PACA;1607;16;7;23.81048387;4.97983871;53.03629032;0.217741935
PACA;1608;16;8;23.5766129;4.544354839;53.40725806;0.092741935
PACA;1609;16;9;21.20416667;4.120833333;61.55416667;0.4
PACA;1610;16;10;14.24193548;4.225806452;71.28225806;0.782258065
PACA;1611;16;11;10.35;4.483333333;74.8875;1.3
PACA;1612;16;12;8.532258065;2.782258065;77.09274194;0.116935484
PACA;1701;17;1;5.899193548;5.024193548;69.49596774;0.286290323
PACA;1702;17;2;9.825892857;4.866071429;67.08928571;0.517857143
PACA;1703;17;3;11.93951613;4.225806452;66.78225806;0.72983871
PACA;1704;17;4;13.32916667;5.429166667;58.24583333;0.491666667
PACA;1705;17;5;17.24193548;4.298387097;56.59274194;0.588709677
PACA;1706;17;6;22.84583333;4.458333333;52.3;0.370833333
PACA;1707;17;7;23.94758065;5.653225806;43.83870968;0.10483871
PACA;1708;17;8;24.18548387;4.552419355;46.22580645;0.22983871
PACA;1709;17;9;17.79166667;4.954166667;57.00416667;0.45
PACA;1710;17;10;16.34274194;4.721774194;61.77822581;0.004032258
PACA;1711;17;11;9.816666667;5.583333333;63.05833333;0.416666667
PACA;1712;17;12;5.85483871;4.153225806;72.60887097;1.036290323
PACA;1801;18;1;9.266129032;4.923387097;69.87903226;1.068548387
PACA;1802;18;2;5.308035714;5.129464286;62.58035714;0.589285714
PACA;1803;18;3;9.14516129;5.721774194;65.80241935;1.209677419
PACA;1804;18;4;14.89166667;4.6375;63.45833333;0.879166667
PACA;1805;18;5;17.25806452;3.790322581;68.13306452;0.745967742
PACA;1806;18;6;21.42916667;4.2875;59.48333333;0.616666667
PACA;1807;18;7;24.90725806;4.467741935;52.51209677;0.334677419
PACA;1808;18;8;24.43951613;4.459677419;53.16532258;0.427419355
PACA;1809;18;9;21.55833333;3.7625;62.55833333;0.183333333
PACA;1810;18;10;16.77419355;4.342741935;73.01209677;1.919354839
PACA;1811;18;11;11.9625;4.491666667;77.82083333;1.558333333
PACA;1812;18;12;8.262096774;3.693548387;80.30241935;0.387096774
PACA;1901;19;1;5.310483871;6.741935484;67.66129032;0.116935484
PACA;1902;19;2;8.544642857;3.495535714;74.01785714;0.450892857
PACA;1903;19;3;11.24596774;5.580645161;60.21370968;0.044354839
PACA;1904;19;4;12.61666667;5.225;60.49166667;0.933333333
PACA;1905;19;5;15.25;6.338709677;59.49193548;0.346774194
PACA;1906;19;6;22.325;4.116666667;55.77083333;0.291666667
PACA;1907;19;7;25.06854839;4.733870968;55.2983871;0.403225806
PACA;1908;19;8;24.66532258;4.185483871;57.25403226;0.100806452
PACA;1909;19;9;20.86666667;4.8;62.1;0.508333333
PACA;1910;19;10;16.99193548;5.100806452;73.10483871;1.233870968
PACA;1911;19;11;10.38333333;4.504166667;78.725;2.266666667
PACA;1912;19;12;9.616935484;4.314516129;76.51612903;0.991935484
PACA;2001;20;1;8.338709677;3.657258065;78.31854839;0.383064516
PACA;2002;20;2;9.418103448;4.939655172;71.77586207;0.150862069
PACA;2003;20;3;10.10483871;4.725806452;67.78225806;0.532258065
PACA;2004;20;4;13.99166667;3.275;67.82083333;0.508333333
PACA;2005;20;5;18.05645161;4.153225806;64.89112903;0.713709677
PACA;2006;20;6;20.02916667;5.9;59.45416667;0.654166667
PACA;2007;20;7;23.96370968;4.709677419;55.20967742;0.221774194
PACA;2008;20;8;24.06048387;5.286290323;55.09677419;0.491935484
PACA;2009;20;9;19.95416667;4.258333333;65.61666667;0.733333333
PACA;2010;20;10;13.39112903;5.552419355;70.65322581;0.786290323
PACA;2011;20;11;11.46666667;3.758333333;76.25;0.479166667
PACA;2012;20;12;6.475806452;4.802419355;78.41532258;0.814516129
PACA;2101;21;1;4.923387097;5.064516129;74.91532258;0.721774194
PACA;2102;21;2;9.272321429;3.915178571;75.66964286;0.5
PACA;2103;21;3;9.737903226;4.653225806;67.39516129;0.116935484
PACA;2104;21;4;11.4875;4.616666667;63.72083333;0.866666667
PACA;2105;21;5;15.3266129;5.459677419;64.28629032;0.834677419
PACA;2106;21;6;22.175;4.433333333;57.89583333;0.175
PACA;2107;21;7;23.21370968;5.100806452;57.83467742;0.576612903
PACA;2108;21;8;22.65725806;5;56.45564516;0.314516129
PACA;2109;21;9;20.50416667;3.95;66.85;0.6
PACA;2110;21;10;14.81451613;4.540322581;71.83064516;0.637096774
PDL;1301;13;1;5.903225806;3.35483871;91.03629032;0.391129032
PDL;1302;13;2;5.013392857;4;81.95089286;0.325892857
PDL;1303;13;3;6.903225806;3.923387097;79.73790323;0.314516129
PDL;1304;13;4;9.979166667;3.966666667;74.43333333;0.179166667
PDL;1305;13;5;12.2016129;3.459677419;76.56451613;0.266129032
PDL;1306;13;6;16.42083333;3.475;76.06666667;0.104166667
PDL;1307;13;7;22.05645161;3.588709677;67.91935484;0.201612903
PDL;1308;13;8;19.26209677;2.870967742;70.16532258;0.048387097
PDL;1309;13;9;17.2;3.025;76.23333333;0.2
PDL;1310;13;10;14.77016129;3.342741935;85.33870968;0.427419355
PDL;1311;13;11;8.8625;3.883333333;86.24583333;0.504166667
PDL;1312;13;12;6.858870968;3.625;89.15725806;0.516129032
PDL;1401;14;1;8.193548387;3.975806452;90.69354839;0.528225806
PDL;1402;14;2;8.285714286;5.339285714;84.41071429;0.700892857
PDL;1403;14;3;9.411290323;3.153225806;78.00403226;0.217741935
PDL;1404;14;4;12.13333333;3.554166667;75.32083333;0.225
PDL;1405;14;5;13.71774194;3.600806452;75.15725806;0.217741935
PDL;1406;14;6;18.4625;3.304166667;66.325;0.145833333
PDL;1407;14;7;20.09274194;3.008064516;71.85080645;0.153225806
PDL;1408;14;8;17.27016129;3.205645161;78.56854839;0.419354839
PDL;1409;14;9;18.85;2.770833333;70.14166667;0.008333333
PDL;1410;14;10;14.5766129;2.85483871;83.55645161;0.290322581
PDL;1411;14;11;11.08333333;3.420833333;87.8625;0.55
PDL;1412;14;12;6.943548387;3.133064516;84.91129032;0.197580645
PDL;1501;15;1;6.423387097;3.556451613;87.09274194;0.407258065
PDL;1502;15;2;5.236607143;3.794642857;80.71875;0.330357143
PDL;1503;15;3;8.866935484;3.745967742;78.76209677;0.14516129
PDL;1504;15;4;12.92916667;3.391666667;69.28333333;0.141666667
PDL;1505;15;5;14.12096774;3.350806452;78.48790323;0.419354839
PDL;1506;15;6;18.36666667;3.075;67.275;0.116666667
PDL;1507;15;7;19.39112903;3.370967742;71.39516129;0.153225806
PDL;1508;15;8;19.21370968;2.963709677;73.57258065;0.342741935
PDL;1509;15;9;15.20416667;3.283333333;74.575;0.325
PDL;1510;15;10;12.36693548;3.120967742;81.02419355;0.225806452
PDL;1511;15;11;12.5;3.654166667;86.67916667;0.241666667
PDL;1512;15;12;10.02016129;3.649193548;87.38306452;0.181451613
PDL;1601;16;1;7.637096774;4.161290323;86.56854839;0.580645161
PDL;1602;16;2;7.478448276;4.443965517;81.66810345;0.413793103
PDL;1603;16;3;7.919354839;4.310483871;75.81854839;0.318548387
PDL;1604;16;4;9.825;3.2875;73.625;0.1375
PDL;1605;16;5;14.53629032;3.14516129;75.48387097;0.391129032
PDL;1606;16;6;17.27916667;3.058333333;81.425;0.2125
PDL;1607;16;7;19.40725806;2.919354839;73.04435484;0.064516129
PDL;1608;16;8;20.60080645;2.891129032;67.33064516;0.040322581
PDL;1609;16;9;18.35416667;2.5;76.175;0.1375
PDL;1610;16;10;11.77419355;2.915322581;79.55645161;0.169354839
PDL;1611;16;11;9.020833333;3.725;84.27916667;0.35
PDL;1612;16;12;6.205645161;2.641129032;90.45564516;0.024193548
PDL;1701;17;1;3.963709677;3.040322581;83.07258065;0.133064516
PDL;1702;17;2;8.008928571;3.883928571;83.84375;0.272321429
PDL;1703;17;3;10.68145161;3.850806452;80.81451613;0.274193548
PDL;1704;17;4;11.33333333;3.016666667;67.25;0.05
PDL;1705;17;5;16.21774194;3.540322581;72.31451613;0.282258065
PDL;1706;17;6;19.42916667;3.2875;69.2875;0.1625
PDL;1707;17;7;20.02016129;3.467741935;72.32258065;0.205645161
PDL;1708;17;8;19.39112903;2.971774194;70.56854839;0.149193548
PDL;1709;17;9;15.08333333;2.920833333;81.2625;0.254166667
PDL;1710;17;10;14.54435484;2.673387097;85.06048387;0.125
PDL;1711;17;11;8.395833333;2.7;87.14166667;0.158333333
PDL;1712;17;12;6.931451613;3.504032258;88.8266129;0.427419355
PDL;1801;18;1;9.004032258;4.721774194;90.43951613;0.439516129
PDL;1802;18;2;3.995535714;3.928571429;79.86160714;0.290178571
PDL;1803;18;3;7.983870968;4.435483871;82.96774194;0.39516129
PDL;1804;18;4;12.75833333;3.079166667;79.1;0.2375
PDL;1805;18;5;15.74193548;2.891129032;73.875;0.141129032
PDL;1806;18;6;19.64166667;2.95;72.91666667;0.654166667
PDL;1807;18;7;21.58870968;2.60483871;70.60080645;0.306451613
PDL;1808;18;8;20.24193548;2.495967742;72.49193548;0.141129032
PDL;1809;18;9;17.55;2.970833333;69.5125;0.029166667
PDL;1810;18;10;13.39516129;3.282258065;79.04032258;0.125
PDL;1811;18;11;8.866666667;3.8;88.34583333;0.65
PDL;1812;18;12;8.681451613;4.161290323;91.53629032;0.548387097
PDL;1901;19;1;5.745967742;3.096774194;84.7016129;0.112903226
PDL;1902;19;2;8.214285714;3.397321429;81.91071429;0.174107143
PDL;1903;19;3;10;4.5;76.62903226;0.193548387
PDL;1904;19;4;11.49166667;3.766666667;71.89583333;0.179166667
PDL;1905;19;5;13.79435484;3.504032258;70.65322581;0.153225806
PDL;1906;19;6;18.27916667;3.45;73.24583333;0.204166667
PDL;1907;19;7;21.91532258;3.475806452;60.70967742;0.044354839
PDL;1908;19;8;19.78629032;3.22983871;71.76209677;0.137096774
PDL;1909;19;9;17.46666667;3.954166667;71.70416667;0.233333333
PDL;1910;19;10;14.10080645;3.600806452;88.39919355;0.391129032
PDL;1911;19;11;8.529166667;3.7625;90.44166667;0.7375
PDL;1912;19;12;8.14516129;4.298387097;89.09274194;0.407258065
PDL;2001;20;1;8.120967742;4.310483871;88.89919355;0.290322581
PDL;2002;20;2;9.693965517;5.49137931;84.81034483;0.456896552
PDL;2003;20;3;9.576612903;4.435483871;75.51209677;0.322580645
PDL;2004;20;4;14.30416667;3.408333333;71.60416667;0.204166667
PDL;2005;20;5;16.85887097;3.774193548;65.10887097;0.153225806
PDL;2006;20;6;17.1875;3.545833333;75.09166667;0.425
PDL;2007;20;7;19.81048387;3.423387097;66.68951613;0.016129032
PDL;2008;20;8;20.33064516;3.02016129;74.83467742;0.326612903
PDL;2009;20;9;17.8875;2.995833333;73.8625;0.1875
PDL;2010;20;10;12.48387097;4.02016129;84.52822581;0.463709677
PDL;2011;20;11;10.3625;3.316666667;85.86666667;0.191666667
PDL;2012;20;12;7.713709677;4.133064516;88.83870968;0.516129032
PDL;2101;21;1;5.241935484;3.814516129;88.89919355;0.391129032
PDL;2102;21;2;7.75;4.580357143;80.51785714;0.232142857
PDL;2103;21;3;8.834677419;3.661290323;73.56854839;0.056451613
PDL;2104;21;4;10.87083333;3.8375;59.01666667;0.020833333
PDL;2105;21;5;13.27822581;4.524193548;74.31451613;0.330645161
PDL;2106;21;6;18.60416667;2.7625;75.15833333;0.358333333
PDL;2107;21;7;19.18548387;3.637096774;75.44758065;0.177419355
PDL;2108;21;8;18.18548387;3.290322581;75.50403226;0.084677419
PDL;2109;21;9;18.62083333;3.1;74.15416667;0.1125
PDL;2110;21;10;13.01612903;3.177419355;82.62903226;0.564516129
